日付,始値,高値,安値,終値
2007/04/02,102.31,102.48,101.73,101.93
2007/04/03,101.93,102.75,101.76,102.67
2007/04/04,102.68,103.03,102.32,102.38
2007/04/05,102.38,103.29,102.22,103.15
2007/04/06,103.16,103.8,103.06,103.6
2007/04/09,103.56,103.74,103.44,103.5
2007/04/10,103.49,103.98,103.21,103.77
2007/04/11,103.76,104.78,103.64,104.78
2007/04/12,104.76,105.06,104.52,105.02
2007/04/13,105.01,105.1,104.2,104.81
2007/04/16,104.9,106.02,104.77,105.82
2007/04/17,105.82,105.84,105.11,105.16
2007/04/18,105.16,105.33,104.44,105.24
2007/04/19,105.24,105.25,104.04,104.89
2007/04/20,104.89,105.96,104.72,105.62
2007/04/23,105.58,105.93,105.27,105.73
2007/04/24,105.74,106.25,105.14,105.72
2007/04/25,105.73,106.61,105.46,106.5
2007/04/26,106.5,106.85,106.28,106.6
2007/04/27,106.6,107.34,106.37,107.15
2007/04/30,107.23,108.17,106.69,107.71
2007/05/01,107.71,108.24,107.53,107.89
2007/05/02,107.9,108.5,107.54,108.34
2007/05/03,108.34,108.86,108.27,108.75
2007/05/04,108.74,109.03,108.47,108.5
2007/05/07,108.56,109.05,108.3,108.98
2007/05/08,108.99,109.04,108.21,108.64
2007/05/09,108.64,108.68,108.09,108.68
2007/05/10,108.68,108.93,107.85,107.9
2007/05/11,107.89,108.26,107.19,108.21
2007/05/14,108.23,108.87,108.02,108.83
2007/05/15,108.83,109.8,108.51,109.48
2007/05/16,109.49,109.76,109.12,109.39
2007/05/17,109.37,110.54,109.34,110.29
2007/05/18,110.31,111.33,110.09,111.26
2007/05/21,111.24,112.24,111.08,111.99
2007/05/22,112.02,112.18,111.7,111.89
2007/05/23,111.9,112.5,111.76,112.43
2007/05/24,112.4,112.48,111.8,112.02
2007/05/25,112.02,112.89,111.41,112.73
2007/05/28,112.73,112.86,112.52,112.7
2007/05/29,112.62,113.7,112.07,113.32
2007/05/30,113.32,113.86,112.92,113.25
2007/05/31,113.24,114.07,113.09,113.89
2007/06/01,113.88,115.2,113.68,115.07
2007/06/04,115.06,115.62,114.85,115.02
2007/06/05,115.02,115.33,114.04,114.16
2007/06/06,114.15,114.69,113.87,114.39
2007/06/07,114.4,114.86,113.55,113.62
2007/06/08,113.61,114.86,113.43,114.76
2007/06/11,114.74,114.94,114.34,114.85
2007/06/12,114.83,114.98,113.96,113.97
2007/06/13,113.93,115.14,113.86,115.08
2007/06/14,115.06,115.48,114.79,115.06
2007/06/15,115.02,116.41,114.96,115.58
2007/06/18,115.67,116.01,114.86,115.45
2007/06/19,115.45,116.21,115.23,116.1
2007/06/20,116.09,116.28,115.58,115.87
2007/06/21,115.87,116.14,114.96,115.12
2007/06/22,115.12,116.26,115.09,115.96
2007/06/25,115.94,115.97,114.93,115.55
2007/06/26,115.56,115.63,114.7,115.25
2007/06/27,115.24,115.3,114.07,114.74
2007/06/28,114.76,116.45,114.6,116.3
2007/06/29,116.28,117.79,115.54,115.61
2007/07/02,115.57,116.18,115.41,115.94
2007/07/03,115.94,116.34,114.99,115.38
2007/07/04,115.39,116.06,115.28,116.01
2007/07/05,115.97,116.42,115.68,116.4
2007/07/06,116.39,117.73,116.3,117.53
2007/07/09,117.6,118.22,117.48,117.54
2007/07/10,117.57,117.74,115.44,115.51
2007/07/11,115.51,116.23,114.51,116.17
2007/07/12,116.2,117.21,115.77,117.05
2007/07/13,117.06,117.26,116.29,116.38
2007/07/16,116.39,117.09,116.16,116.8
2007/07/17,116.79,117.33,116.55,117.21
2007/07/18,117.21,117.22,116.55,116.85
2007/07/19,116.84,117.29,116.42,116.96
2007/07/20,116.98,117.31,115.4,115.64
2007/07/23,115.68,116.39,115.32,115.69
2007/07/24,115.69,116.71,115.09,116.1
2007/07/25,116.1,116.19,115.09,115.68
2007/07/26,115.69,115.84,112.32,112.65
2007/07/27,112.67,113.27,111.3,111.45
2007/07/30,111.44,111.67,110.52,111.54
2007/07/31,111.52,112.82,111.03,111.19
2007/08/01,111.21,112.72,109.96,112.63
2007/08/02,112.66,113.51,111.79,113.29
2007/08/03,113.25,113.32,111.61,111.68
2007/08/06,111.72,113.29,110.87,112.94
2007/08/07,112.93,113.31,111.7,112.63
2007/08/08,112.63,114.34,112.53,114.17
2007/08/09,114.19,114.26,111.13,111.67
2007/08/10,111.64,112.66,111.01,112.41
2007/08/13,112.21,112.91,111.44,112.19
2007/08/14,112.2,112.24,110.13,110.17
2007/08/15,110.19,110.19,108.06,108.1
2007/08/16,108.1,108.13,104.07,105.82
2007/08/17,105.82,108.49,103.42,107.91
2007/08/20,107.88,109.16,107.11,108.87
2007/08/21,108.87,109.11,107.24,107.73
2007/08/22,107.73,109.06,107.05,108.59
2007/08/23,108.58,111.32,108.46,110.3
2007/08/24,110.29,110.73,109.35,110.69
2007/08/27,110.69,111.12,109.84,109.89
2007/08/28,109.87,109.88,107.27,107.39
2007/08/29,107.38,109.74,106.73,109.6
2007/08/30,109.6,110.02,108.19,109.44
2007/08/31,109.44,110.64,109.06,109.66
2007/09/03,109.65,110.33,109.58,110.15
2007/09/04,110.15,110.95,109.2,110.86
2007/09/05,110.88,111,109.15,109.38
2007/09/06,109.39,109.8,108.89,109.65
2007/09/07,109.68,109.93,107.01,107.45
2007/09/10,107.15,108.25,106.54,108.09
2007/09/11,108.08,109.82,107.73,109.61
2007/09/12,109.63,110.3,109.16,110.22
2007/09/13,110.21,111.9,110.04,111.29
2007/09/14,111.29,112.11,110.64,112
2007/09/17,111.97,112.56,111.26,112.02
2007/09/18,112.04,114.78,111.59,114.61
2007/09/19,114.57,114.91,113.74,114.36
2007/09/20,114.35,115.07,113.86,114.47
2007/09/21,114.54,116.04,114.36,115.44
2007/09/24,115.41,115.57,114.48,114.61
2007/09/25,114.63,114.72,113.8,114.35
2007/09/26,114.35,115.2,113.82,115.11
2007/09/27,115.11,115.65,114.8,115.43
2007/09/28,115.43,115.97,114.72,115.69
2007/10/01,115.52,116.85,115.43,116.72
2007/10/02,116.74,116.77,115.68,116.03
2007/10/03,116.03,117.25,115.73,116.94
2007/10/04,116.95,117.03,116.35,116.81
2007/10/05,116.82,119.36,116.68,119.3
2007/10/08,119.29,119.53,118.71,118.98
2007/10/09,118.97,119.42,118.43,119.34
2007/10/10,119.35,119.93,119.06,119.43
2007/10/11,119.43,120.96,119.21,120.08
2007/10/12,120.07,121.03,119.67,121
2007/10/15,120.96,121.28,119.83,120.18
2007/10/16,120.2,120.41,118.81,119.41
2007/10/17,119.45,120.16,118.46,119.71
2007/10/18,119.71,119.88,118.03,118.75
2007/10/19,118.74,119.68,117.85,118.43
2007/10/22,117.97,118.28,115.83,117.05
2007/10/23,117.02,119.3,116.89,118.75
2007/10/24,118.74,119,116.96,117.93
2007/10/25,117.88,118.89,117.55,118.1
2007/10/26,118.1,119.28,117.9,118.69
2007/10/29,118.66,120.49,118.52,120.19
2007/10/30,120.19,120.59,119.63,120.18
2007/10/31,120.18,122.47,120.08,122.42
2007/11/01,122.43,122.85,120.32,120.56
2007/11/02,120.53,123.48,120.27,122.87
2007/11/05,122.77,122.96,121.96,122.71
2007/11/06,122.69,124.67,122.43,124.65
2007/11/07,124.66,125.57,121.01,121.02
2007/11/08,121.01,122.4,119.44,120.5
2007/11/09,120.49,121.75,117.15,117.16
2007/11/12,116.57,117.37,112.92,112.97
2007/11/13,112.96,115.76,112.56,115.67
2007/11/14,115.65,117.24,114.94,115.07
2007/11/15,115.07,115.93,111.91,111.93
2007/11/16,111.93,114.6,111.23,114.13
2007/11/19,113.47,114.33,111.46,111.58
2007/11/20,111.54,113.22,111.25,112.32
2007/11/21,112.31,112.43,109.24,109.86
2007/11/22,109.82,111.35,109.66,110.01
2007/11/23,110.01,110.49,109.02,109.59
2007/11/26,109.81,110.72,108.18,108.49
2007/11/27,108.46,110.76,108.12,109.38
2007/11/28,109.38,112.02,108.62,111.67
2007/11/29,111.65,111.91,109.67,110.12
2007/11/30,110.12,111.54,109.97,111.4
2007/12/03,111.04,111.2,109.82,110.56
2007/12/04,110.56,110.58,107.99,108.71
2007/12/05,108.72,109.6,107.91,109.59
2007/12/06,109.62,110.51,108.8,110.39
2007/12/07,110.4,111.51,109.76,111.13
2007/12/10,110.99,111.19,110.59,110.9
2007/12/11,110.88,111.4,108.78,109.02
2007/12/12,109.01,111.47,109.01,110.88
2007/12/13,110.87,110.9,109.58,109.94
2007/12/14,109.94,112.01,109.93,111.37
2007/12/17,111.5,112.9,110.76,112.33
2007/12/18,112.36,113.04,111.83,112.76
2007/12/19,112.76,113.21,111.81,113.15
2007/12/20,113.16,113.66,112.42,112.95
2007/12/21,112.98,115.17,112.86,114.94
2007/12/24,115.03,116.31,114.8,116.14
2007/12/25,116.18,116.22,115.54,115.9
2007/12/26,115.64,116.62,115.59,116.49
2007/12/27,116.39,116.85,115.69,116.08
2007/12/28,116.08,116.27,114.6,115
2008/01/02,112.55,113.28,109.9,110.36
2008/01/03,110.35,110.63,108.84,109.1
2008/01/04,110.83,111.13,107.8,108.3
2008/01/07,108.35,109.47,108.04,108.66
2008/01/08,108.66,109.98,108.04,108.2
2008/01/09,108.19,109.38,107.95,108.93
2008/01/10,108.94,109.25,107.71,108.23
2008/01/11,108.23,108.74,106.52,106.88
2008/01/14,106.63,107,105.67,106.36
2008/01/15,106.35,106.47,104.73,104.85
2008/01/16,104.85,105.66,103.03,104.98
2008/01/17,104.99,105.73,103.41,103.5
2008/01/18,103.49,105.16,103.25,103.81
2008/01/21,104.08,104.15,102.25,102.41
2008/01/22,102.42,104.62,101.96,103.39
2008/01/23,103.4,104.63,101.86,104.19
2008/01/24,104.19,106.96,103.67,106.77
2008/01/25,106.78,107.51,105.84,106.07
2008/01/28,105.97,106.6,104.87,106.52
2008/01/29,106.52,107.76,105.78,107.28
2008/01/30,107.28,108.57,106.62,107
2008/01/31,106.97,107.44,105.06,106.12
2008/02/01,106.11,107.26,105.66,107.25
2008/02/04,107.26,107.64,106.71,107.41
2008/02/05,107.41,107.85,105.94,105.97
2008/02/06,105.97,106.59,105.13,105.92
2008/02/07,105.9,106.95,104.75,106.57
2008/02/08,106.54,108,106.12,107.37
2008/02/11,107.59,107.66,106.12,106.8
2008/02/12,106.8,107.96,106.43,107.12
2008/02/13,107.12,108.7,106.88,108.64
2008/02/14,108.61,108.93,107.79,107.84
2008/02/15,107.83,108.98,106.45,107.02
2008/02/18,106.84,107.58,106.81,107.41
2008/02/19,107.41,107.5,105.71,105.96
2008/02/20,105.96,106.86,105.81,106.74
2008/02/21,106.74,107.27,105.86,106.2
2008/02/22,106.2,106.35,105.04,105.93
2008/02/25,105.92,108.65,105.89,108.46
2008/02/26,108.47,109.64,108.1,109.3
2008/02/27,109.3,109.5,108.08,108.63
2008/02/28,108.63,109,107.77,108.03
2008/02/29,108.03,108.05,105.4,105.53
2008/03/03,104.63,105.09,103.73,104.53
2008/03/04,104.53,104.76,103.07,104.03
2008/03/05,104.03,105.73,103.82,105.66
2008/03/06,105.66,105.66,103.9,104.16
2008/03/07,104.16,104.74,103.23,103.92
2008/03/10,103.16,103.72,101.82,102.13
2008/03/11,102.13,104.33,101.8,104.26
2008/03/12,104.23,104.74,102.67,102.88
2008/03/13,102.88,103.03,100.94,102.25
2008/03/14,102.25,102.56,100.28,100.73
2008/03/17,100.06,100.42,96.42,97.53
2008/03/18,97.5,100.63,97.22,100.59
2008/03/19,100.6,101.36,97.3,97.68
2008/03/20,97.7,97.93,95.7,97.22
2008/03/21,97.2,97.5,96.8,97.11
2008/03/24,97,99.16,96.83,99.06
2008/03/25,99.03,99.37,97.51,98.37
2008/03/26,98.34,98.5,97.23,97.43
2008/03/27,97.44,98.77,96.93,97.81
2008/03/28,97.83,98.69,97.12,97.12
2008/03/31,96.77,97.89,96.62,97.23
2008/04/01,97.23,99.86,97.13,99.72
2008/04/02,99.72,101.09,99.22,100.71
2008/04/03,100.72,102.05,100.63,101.79
2008/04/04,101.78,102.24,100.52,100.65
2008/04/07,100.85,102.27,100.81,100.97
2008/04/08,100.97,101.32,100.07,101.31
2008/04/09,101.31,101.39,99.65,99.97
2008/04/10,99.97,100.32,98.15,99.99
2008/04/11,99.99,100.58,98.38,98.56
2008/04/14,98.81,99.31,97.94,99.22
2008/04/15,99.22,100.02,98.5,100.01
2008/04/16,100.01,101.84,99.8,101.73
2008/04/17,101.72,102.59,100.85,101.41
2008/04/18,101.41,103.88,101.31,103.19
2008/04/21,103.47,103.56,102.2,102.65
2008/04/22,102.73,102.77,101.83,102.19
2008/04/23,102.19,102.55,100.93,101.65
2008/04/24,101.65,103.09,101.45,102.77
2008/04/25,102.81,103.01,102.28,102.73
2008/04/28,103.11,103.93,102.54,102.89
2008/04/29,102.89,103.15,101.81,102.72
2008/04/30,102.72,104.12,102.34,103.09
2008/05/01,103.06,103.37,101.63,102.47
2008/05/02,102.47,103.73,102.25,103.38
2008/05/05,103.25,103.92,103.25,103.55
2008/05/06,103.55,104.77,102.8,104.52
2008/05/07,104.52,105.38,103.69,103.76
2008/05/08,103.75,103.92,101.91,101.97
2008/05/09,101.97,102.84,101.63,102.4
2008/05/12,102.27,103.57,101.92,103.31
2008/05/13,103.31,104.58,102.67,104.35
2008/05/14,104.35,105.57,104.08,104.66
2008/05/15,104.66,105,104.4,104.75
2008/05/16,104.78,105.29,103.8,104.1
2008/05/19,104.16,105.63,104.04,105.22
2008/05/20,105.22,105.31,104.16,104.48
2008/05/21,104.48,105.19,104.09,104.75
2008/05/22,104.75,105.88,104.45,105.69
2008/05/23,105.69,105.83,104.27,104.54
2008/05/26,104.58,104.69,104.15,104.36
2008/05/27,104.36,105.35,104.16,104.87
2008/05/28,104.88,105.9,104.53,105.74
2008/05/29,105.74,107.11,105.66,106.81
2008/05/30,106.81,106.88,105.91,106.11
2008/06/02,105.96,106.08,103.88,104.28
2008/06/03,104.28,105.01,103.85,104.15
2008/06/04,104.15,104.34,103.25,103.52
2008/06/05,103.52,104.41,103.45,104.09
2008/06/06,104.07,104.47,102.91,103
2008/06/09,102.77,104.1,102.74,103.88
2008/06/10,103.88,105.12,103.35,105.12
2008/06/11,105.12,105.59,104.73,104.88
2008/06/12,104.88,105.78,104.69,105.41
2008/06/13,105.41,105.73,104.81,105.16
2008/06/16,105.16,106.13,105.07,105.72
2008/06/17,105.72,106.27,105.31,105.95
2008/06/18,105.95,106.37,105.73,106.06
2008/06/19,106.05,106.72,105.63,106.34
2008/06/20,106.34,106.44,105.1,105.46
2008/06/23,105.69,106.32,105.43,106.16
2008/06/24,106.16,106.65,105.95,106.62
2008/06/25,106.62,107.06,106.29,106.78
2008/06/26,106.79,107.07,105.25,105.31
2008/06/27,105.33,106.04,104.62,105.03
2008/06/30,105.16,105.43,103.9,103.97
2008/07/01,103.97,104.31,103.15,103.82
2008/07/02,103.82,104.93,103.6,104.59
2008/07/03,104.62,105.06,104.35,104.84
2008/07/04,104.84,105.31,104.56,104.67
2008/07/07,104.81,105.89,104.73,105.41
2008/07/08,105.39,105.51,104.44,105.47
2008/07/09,105.48,106.23,105.09,105.53
2008/07/10,105.53,106.2,105.41,106.16
2008/07/11,106.16,106.22,104.53,105.41
2008/07/14,105.59,106,105.21,105.47
2008/07/15,105.47,105.61,104.22,104.53
2008/07/16,104.54,104.97,103.65,104.91
2008/07/17,104.91,106.46,104.63,105.66
2008/07/18,105.68,106.52,105.46,106.34
2008/07/21,106.19,106.69,105.85,106.47
2008/07/22,106.47,106.54,105.85,106.47
2008/07/23,106.44,107.16,106.32,106.78
2008/07/24,106.78,106.93,105.7,105.77
2008/07/25,105.77,106.28,105.05,105.83
2008/07/28,105.85,105.98,104.84,105.09
2008/07/29,105.08,105.64,105,105.6
2008/07/30,105.6,105.79,105.32,105.69
2008/07/31,105.64,105.94,104.94,105.31
2008/08/01,105.32,105.47,104.39,104.91
2008/08/04,104.85,105.08,104.35,104.44
2008/08/05,104.44,104.44,103.22,103.83
2008/08/06,103.83,104.81,103.76,104.66
2008/08/07,104.65,104.77,103.84,103.92
2008/08/08,103.93,104.22,102.84,103.25
2008/08/11,103.18,103.43,102.7,102.93
2008/08/12,102.94,103.34,102.62,102.71
2008/08/13,102.72,103.2,101.53,103.06
2008/08/14,103.06,103.75,102.58,103.17
2008/08/15,103.17,104.41,102.83,104.37
2008/08/18,104.15,104.46,103.33,103.44
2008/08/19,103.44,103.53,102.92,103.38
2008/08/20,103.39,104.03,103.14,103.65
2008/08/21,103.63,104.04,102.66,103.97
2008/08/22,103.97,105.31,103.79,104.97
2008/08/25,104.98,105.25,103.88,103.97
2008/08/26,103.97,105.41,103.73,104.53
2008/08/27,104.53,104.99,104.06,104.65
2008/08/28,104.65,104.91,103.9,104.17
2008/08/29,104.17,104.29,102.09,102.47
2008/09/01,102.05,102.25,100.87,101.37
2008/09/02,101.34,102.12,100.85,101.77
2008/09/03,101.77,102.64,100.72,101.91
2008/09/04,101.91,102.88,100.07,100.1
2008/09/05,100.14,100.98,98.64,100.84
2008/09/08,102.45,103.16,100.69,101.66
2008/09/09,101.66,101.97,99.58,99.7
2008/09/10,99.69,100.95,99.47,100.53
2008/09/11,100.52,100.64,98.38,99.66
2008/09/12,99.67,101.74,99.42,101.66
2008/09/15,99.77,100.4,97.72,97.78
2008/09/16,97.78,99.66,96.5,98.89
2008/09/17,98.89,99.92,96.81,97.58
2008/09/18,97.57,99.69,97.03,99.47
2008/09/19,99.47,102.79,99.29,102.16
2008/09/22,101.69,103.13,101.2,101.86
2008/09/23,101.86,102.57,101.47,101.63
2008/09/24,101.66,102.89,101.55,102.17
2008/09/25,102.17,103.45,101.83,102.97
2008/09/26,102.97,103.09,101.52,102.81
2008/09/29,102.68,103.13,99.61,99.62
2008/09/30,99.62,100.79,98.75,99.7
2008/10/01,99.7,100.68,99.1,99.47
2008/10/02,99.47,99.81,97.36,97.6
2008/10/03,97.66,98.66,96.86,97.22
2008/10/06,97,97.03,90.61,92.6
2008/10/07,92.6,94.15,91.27,91.76
2008/10/08,91.76,92.18,87.9,87.9
2008/10/09,87.9,90.62,86.62,86.8
2008/10/10,86.8,87.06,82.16,84.88
2008/10/13,86.13,88.97,84.44,88.91
2008/10/14,88.91,91.03,87.44,87.81
2008/10/15,87.81,88.19,83.91,83.93
2008/10/16,83.93,86.21,83.25,86.21
2008/10/17,86.21,86.48,84.34,85.47
2008/10/20,85.68,87.13,84.84,85.52
2008/10/21,85.52,85.7,82.17,82.45
2008/10/22,82.5,83.06,77.25,77.9
2008/10/23,77.89,78.23,76.13,78.04
2008/10/24,78.08,78.84,71,74.36
2008/10/27,73.06,74.27,71.14,71.63
2008/10/28,71.63,77.02,71.26,76.99
2008/10/29,76.99,80.67,74.78,79.59
2008/10/30,79.59,82.96,79.39,82.13
2008/10/31,82.13,82.62,78.22,81.71
2008/11/03,81.13,84.05,81.07,83.91
2008/11/04,83.91,87.5,82.87,86.69
2008/11/05,86.69,86.95,83.69,83.74
2008/11/06,83.74,84.33,81.45,81.6
2008/11/07,81.6,84.19,80.55,82.78
2008/11/10,83.73,85.23,81.46,82.06
2008/11/11,82.06,82.39,80.47,80.86
2008/11/12,80.86,81.83,76.44,76.75
2008/11/13,76.69,81.03,76.19,80.66
2008/11/14,80.66,80.97,78.31,79.24
2008/11/17,77.78,80.26,77.28,78.68
2008/11/18,78.69,79.6,77.82,78.81
2008/11/19,78.81,79.01,76.27,76.29
2008/11/20,76.29,76.66,72.16,72.26
2008/11/21,72.26,75.17,72.21,75.13
2008/11/24,75.77,79.03,74.37,79
2008/11/25,79,79.38,76.69,77.73
2008/11/26,77.75,78.25,76.49,77.58
2008/11/27,77.58,77.98,77.04,77.34
2008/11/28,77.28,77.57,76.4,77.25
2008/12/01,77.22,77.3,74.66,74.66
2008/12/02,74.65,75.5,73.94,74.73
2008/12/03,74.73,75.07,73.19,74.5
2008/12/04,74.5,74.6,72.06,72.28
2008/12/05,72.28,73.45,70.6,73.18
2008/12/08,72.83,74.97,72.67,74.22
2008/12/09,74.22,74.35,72.53,72.97
2008/12/10,72.97,74.23,72.97,73.78
2008/12/11,73.78,75.59,73.13,73.94
2008/12/12,73.97,74.5,71.09,72.77
2008/12/15,73.03,74.12,72.66,73.48
2008/12/16,73.48,74.41,72.73,74.03
2008/12/17,74.11,74.18,72.4,73.22
2008/12/18,73.22,75.49,73.15,74.23
2008/12/19,74.24,74.56,71.53,72.87
2008/12/22,73.31,74.97,73.31,73.86
2008/12/23,73.88,74.98,73.55,74.61
2008/12/24,74.63,75.06,74.05,74.53
2008/12/25,74.53,75.57,74.14,74.45
2008/12/29,74.27,74.97,73.69,74.28
2008/12/30,74.26,74.78,73.1,74.23
2008/12/31,74.24,74.53,73.64,74.41
2009/01/02,74.52,76.13,74.12,75.91
2009/01/05,76.41,78.68,75.69,78.56
2009/01/06,78.55,80.42,77.77,79.06
2009/01/07,79.08,79.41,77.03,77.6
2009/01/08,77.6,77.65,75.84,77.3
2009/01/09,77.3,77.47,75.43,75.78
2009/01/12,75.66,75.87,73.12,73.22
2009/01/13,73.22,73.56,72.24,73
2009/01/14,73,74.16,71.2,71.31
2009/01/15,71.3,72.08,70.63,71.7
2009/01/16,71.7,73.59,71.56,72.59
2009/01/19,73.5,73.75,71.78,72.3
2009/01/20,72.35,72.52,70.77,70.82
2009/01/21,70.84,71.5,68.42,71.29
2009/01/22,71.29,71.3,69.3,70.86
2009/01/23,70.84,72.51,69.7,72.17
2009/01/26,71.64,73.81,71.34,72.86
2009/01/27,72.86,73.9,71.91,72.31
2009/01/28,72.3,74.83,72.27,74.57
2009/01/29,74.52,74.78,73.25,73.38
2009/01/30,73.4,73.53,72.16,73.24
2009/02/02,73.09,73.2,71.7,71.85
2009/02/03,71.87,72.75,71.49,72.75
2009/02/04,72.74,73.31,71.66,72.58
2009/02/05,72.58,75.17,72.28,74.02
2009/02/06,73.97,75.37,72.68,75.1
2009/02/09,75.53,75.82,74.17,75.13
2009/02/10,75.14,75.29,72.19,72.75
2009/02/11,72.74,73.06,72,72.97
2009/02/12,73,73.3,72.06,73.1
2009/02/13,73.11,74.71,72.83,74.48
2009/02/16,74.03,74.08,73.47,73.83
2009/02/17,73.83,74.23,72.46,73.03
2009/02/18,73.02,74.71,72.88,74.38
2009/02/19,74.38,75.59,74.19,74.89
2009/02/20,74.88,75.22,73.85,74.48
2009/02/23,74.75,76.4,74.16,75.67
2009/02/24,75.67,78.15,75.26,77.83
2009/02/25,77.8,78.22,76.87,77.47
2009/02/26,77.45,79.4,77.42,78.57
2009/02/27,78.58,78.7,76.31,76.71
2009/03/02,76.43,76.78,75.3,75.44
2009/03/03,75.46,76.48,75.13,76.13
2009/03/04,76.13,78.06,75.75,77.69
2009/03/05,77.69,78.03,75.78,75.97
2009/03/06,75.97,76.75,75.13,76.41
2009/03/09,76.49,76.81,75.75,75.96
2009/03/10,75.98,77.23,75.92,77.15
2009/03/11,77.14,77.17,75.29,75.69
2009/03/12,75.69,76.66,74.08,76.47
2009/03/13,76.5,77.9,75.97,77.03
2009/03/16,76.75,77.91,76.73,77.19
2009/03/17,77.19,77.81,77.14,77.62
2009/03/18,77.62,77.94,76.2,77.17
2009/03/19,77.19,77.78,75.93,76.28
2009/03/20,76.24,77.8,76.13,77.38
2009/03/23,77.37,79.6,77.26,79.34
2009/03/24,79.35,80.66,79.07,79.43
2009/03/25,79.43,80.08,78.67,79.19
2009/03/26,79.19,80.42,79.14,80.21
2009/03/27,80.2,80.45,78.41,79.15
2009/03/30,79.25,79.39,76.6,77.04
2009/03/31,77.05,78.94,77.03,78.53
2009/04/01,78.52,78.82,77.42,78.14
2009/04/02,78.14,80.49,78.05,80.4
2009/04/03,80.36,81.48,79.94,81.42
2009/04/06,81.75,82.86,80.85,81.53
2009/04/07,81.53,81.71,80.03,81.14
2009/04/08,81.13,81.47,79.94,80.65
2009/04/09,80.65,82.1,80.44,82.04
2009/04/10,82.03,82.17,81.56,81.68
2009/04/13,81.85,82.31,81.5,82.03
2009/04/14,82.03,82.44,81.25,81.42
2009/04/15,81.42,82.72,80.63,82.56
2009/04/16,82.56,82.84,81.47,82.2
2009/04/17,82.21,82.45,81.12,81.66
2009/04/20,81.79,81.92,78.98,79.03
2009/04/21,79,80.05,78.24,79.87
2009/04/22,79.88,79.88,78.27,79.03
2009/04/23,79.03,80.17,78.63,80.07
2009/04/24,80.07,80.54,78.98,80.24
2009/04/27,79.83,79.97,79.14,79.25
2009/04/28,79.22,79.39,78.06,79.08
2009/04/29,79.06,81.43,78.94,81.16
2009/04/30,81.15,83.02,80.92,82.65
2009/05/01,82.65,83.97,82.47,83.66
2009/05/04,83.93,84.53,83.44,84.24
2009/05/05,84.24,84.69,83.85,84.09
2009/05/06,84.06,84.41,82.94,84.31
2009/05/07,84.31,85.35,84.13,84.69
2009/05/08,84.69,85.8,84.43,85.65
2009/05/11,85.74,85.88,83.42,83.54
2009/05/12,83.52,84.3,82.35,82.93
2009/05/13,82.94,83.53,80.91,81.14
2009/05/14,81.17,81.97,80.82,81.91
2009/05/15,81.91,82.14,80.43,80.63
2009/05/18,80.67,82.93,80.11,82.74
2009/05/19,82.75,83.58,82.43,83
2009/05/20,83,83.73,82.47,83.08
2009/05/21,83.08,83.41,82.33,83.03
2009/05/22,82.97,84.73,82.65,84.62
2009/05/25,84.44,84.78,83.94,84.35
2009/05/26,84.35,85.16,83.51,85.13
2009/05/27,85.13,85.84,84.93,84.96
2009/05/28,84.96,87.07,84.81,86.95
2009/05/29,86.97,87.62,86.5,87.27
2009/06/01,87.24,89.05,86.82,88.4
2009/06/02,88.28,89.06,87.71,88.56
2009/06/03,88.56,89.12,86.18,86.44
2009/06/04,86.44,88.34,86.02,88.02
2009/06/05,88,89.03,87.37,88.29
2009/06/08,88.09,88.38,87.18,88.23
2009/06/09,88.23,89.14,87.45,88.18
2009/06/10,88.18,89.38,87.97,88.48
2009/06/11,88.48,89.3,88.35,88.52
2009/06/12,88.56,88.72,87.31,88.02
2009/06/15,87.87,87.99,85.98,86.25
2009/06/16,86.27,86.55,84.78,84.89
2009/06/17,84.89,85.7,83.68,84.58
2009/06/18,84.58,85.65,84.16,85.22
2009/06/19,85.22,86.04,84.63,84.76
2009/06/22,84.86,84.86,82.9,82.99
2009/06/23,82.98,83.53,82.07,82.81
2009/06/24,82.81,83.47,82.54,82.59
2009/06/25,82.59,83.66,82.51,83.06
2009/06/26,83.06,83.54,82.36,82.47
2009/06/29,82.61,83.15,82.25,83.05
2009/06/30,83.05,83.36,82.56,82.88
2009/07/01,82.88,84.41,82.75,84.04
2009/07/02,84.03,84.27,82.4,82.44
2009/07/03,82.44,83.03,82.28,82.68
2009/07/06,82.4,82.56,81.3,82.22
2009/07/07,82.22,82.53,81.17,81.32
2009/07/08,81.33,81.36,78.48,79.56
2009/07/09,79.53,80.67,79.23,79.98
2009/07/10,79.98,80.2,78.74,79.33
2009/07/13,79.47,80.75,78.79,80.72
2009/07/14,80.77,82.75,80.5,82.51
2009/07/15,82.51,84.92,82.32,84.69
2009/07/16,84.67,84.73,83.32,84.02
2009/07/17,84.02,84.57,83.49,84.49
2009/07/20,84.51,85.81,84.41,85.13
2009/07/21,85.11,85.94,84.04,84.91
2009/07/22,84.91,85.52,84.05,85.17
2009/07/23,85.17,87.79,84.98,87.19
2009/07/24,87.19,87.83,86.65,87.48
2009/07/27,87.22,88.33,87.05,87.95
2009/07/28,87.95,88.43,86.24,87.4
2009/07/29,87.4,87.65,86.42,87.22
2009/07/30,87.22,88.55,86.96,88.17
2009/07/31,88.17,88.85,87.4,87.82
2009/08/03,87.86,89.46,87.67,89.33
2009/08/04,89.33,89.7,88.35,88.74
2009/08/05,88.74,89.15,88.04,88.69
2009/08/06,88.69,89.58,88.36,88.55
2009/08/07,88.55,90.27,87.71,90.03
2009/08/10,89.96,90,88.84,89.16
2009/08/11,89.16,89.25,86.73,87.11
2009/08/12,87.11,88.77,85.94,88.15
2009/08/13,88.15,89.1,87.22,87.68
2009/08/14,87.68,87.9,86.02,86.2
2009/08/17,86.18,86.21,84.75,85.25
2009/08/18,85.25,86.3,85.18,85.94
2009/08/19,85.94,86.23,84.41,85.81
2009/08/20,85.81,86.64,85.39,86.62
2009/08/21,86.62,87.62,85.44,87.13
2009/08/24,87.5,88.35,87.33,87.85
2009/08/25,87.85,88,86.43,86.63
2009/08/26,86.63,86.96,85.63,85.88
2009/08/27,85.88,86.3,84.88,85.94
2009/08/28,85.94,86.89,85.53,85.67
2009/08/31,85.34,85.66,83.79,85.12
2009/09/01,85.12,85.7,83.98,84.13
2009/09/02,84.13,84.49,83.15,83.43
2009/09/03,83.43,84.25,83.19,84.02
2009/09/04,84.02,85.75,83.76,85.54
2009/09/07,85.74,86.51,85.59,86.34
2009/09/08,86.34,86.36,85.24,85.64
2009/09/09,85.64,85.88,84.87,85.3
2009/09/10,85.3,85.51,84.42,85.12
2009/09/11,85.12,85.13,83.8,84.01
2009/09/14,83.74,83.95,83,83.92
2009/09/15,83.92,84.98,83.76,84.88
2009/09/16,84.88,85.36,84.28,85.25
2009/09/17,85.25,85.97,85.07,85.54
2009/09/18,85.54,85.62,84.74,85.38
2009/09/21,85.39,85.88,85,85.26
2009/09/22,85.26,85.66,84.89,85.2
2009/09/23,85.2,85.57,84.74,84.92
2009/09/24,84.92,85.1,83.49,83.75
2009/09/25,83.75,83.82,82.02,82.29
2009/09/28,81.52,82.57,80.64,82.46
2009/09/29,82.46,83.23,82.32,83.01
2009/09/30,83.01,83.95,82.78,83.86
2009/10/01,83.86,84.14,82.65,82.72
2009/10/02,82.72,83.04,81.32,82.89
2009/10/05,82.75,83.97,82.74,83.63
2009/10/06,83.63,84.11,83.15,83.81
2009/10/07,83.81,84.26,83.21,83.48
2009/10/08,83.48,84.17,83.31,83.99
2009/10/09,83.99,86.19,83.92,85.94
2009/10/12,86.1,87.28,86.1,86.76
2009/10/13,86.76,87.2,86.51,86.83
2009/10/14,86.83,87.33,86.46,87.24
2009/10/15,87.24,88.18,87.07,87.56
2009/10/16,87.56,88.27,87.21,87.53
2009/10/19,87.77,88.14,87.16,87.98
2009/10/20,87.98,88.2,86.22,86.46
2009/10/21,86.46,87.6,85.95,87.16
2009/10/22,87.16,87.5,86.64,87.1
2009/10/23,87.1,87.61,86.92,87.48
2009/10/26,87.6,87.63,86.14,86.19
2009/10/27,86.19,86.61,85.72,86.16
2009/10/28,86.16,86.24,83.84,83.89
2009/10/29,83.89,85.84,83.56,85.63
2009/10/30,85.63,85.78,83.06,83.24
2009/11/02,82.6,84.57,82.49,83.74
2009/11/03,83.74,84.76,82.99,84.69
2009/11/04,84.69,85.9,84.31,85.35
2009/11/05,85.35,85.48,84.32,85.06
2009/11/06,85.06,85.33,83.33,83.65
2009/11/09,83.65,85.32,83.53,85.2
2009/11/10,85.2,85.63,84.56,85.55
2009/11/11,85.55,86.09,85.04,85.91
2009/11/12,85.91,86.34,85.26,85.57
2009/11/13,85.57,85.86,84.94,85.38
2009/11/16,85.38,85.7,84.82,84.97
2009/11/17,84.97,85.13,84.1,84.89
2009/11/18,84.89,85.21,84.54,84.68
2009/11/19,84.68,84.74,83,83.66
2009/11/20,83.66,83.83,82.86,83.18
2009/11/23,83.18,84.55,82.93,84.26
2009/11/24,84.26,84.33,83.28,83.6
2009/11/25,83.6,83.85,83.15,83.53
2009/11/26,83.53,83.59,81.42,81.72
2009/11/27,81.72,81.81,79.91,81.51
2009/11/30,81.51,82.23,81.19,81.72
2009/12/01,81.72,83.3,81.59,82.83
2009/12/02,82.83,83.69,82.71,83.12
2009/12/03,83.12,84.05,83.09,83.51
2009/12/04,83.51,85.8,83.22,85.49
2009/12/07,85.49,85.5,84.49,85.11
2009/12/08,85.11,85.11,82.76,83.09
2009/12/09,83.09,83.49,82.31,83.27
2009/12/10,83.27,84.15,83,83.86
2009/12/11,83.86,85.16,83.84,84.01
2009/12/14,84.01,84.37,82.98,83.68
2009/12/15,83.68,84.69,83.55,84.42
2009/12/16,84.42,84.77,84.14,84.54
2009/12/17,84.54,84.74,83.68,83.96
2009/12/18,83.96,85.02,83.07,84.7
2009/12/21,84.7,86.04,84.49,85.85
2009/12/22,85.85,87,85.59,86.81
2009/12/23,86.81,87.45,86.62,87.32
2009/12/24,87.32,87.58,86.95,87.18
2009/12/25,87.18,87.3,86.92,87.19
2009/12/28,87.19,87.89,87.09,87.83
2009/12/29,87.83,88.49,87.72,88.15
2009/12/30,88.15,88.21,87.32,87.56
2009/12/31,87.56,88.47,87.39,88.39
2010/01/04,88.39,89.44,88.36,88.74
2010/01/05,88.74,88.96,87.94,88.26
2010/01/06,88.26,89.63,87.95,89.34
2010/01/07,89.34,90.37,89,90.15
2010/01/08,90.15,90.59,89.11,89.82
2010/01/11,89.82,90.05,88.9,89.06
2010/01/12,89.06,89.25,87.29,87.58
2010/01/13,87.58,88.76,87.36,88.58
2010/01/14,88.58,89.28,88.44,89.06
2010/01/15,89.06,89.13,88.09,88.21
2010/01/18,88.21,88.59,87.97,88.44
2010/01/19,88.44,88.52,87.88,88.32
2010/01/20,88.32,88.4,86.78,87.17
2010/01/21,87.17,87.78,85.77,85.9
2010/01/22,85.9,86.41,84.81,84.91
2010/01/25,84.91,85.67,84.84,85.27
2010/01/26,85.27,85.79,83.76,84.35
2010/01/27,84.35,84.56,83.66,84.46
2010/01/28,84.46,85.63,84.15,84.32
2010/01/29,84.32,85.34,83.87,84.4
2010/02/01,84.4,85.44,84.13,85.44
2010/02/02,85.44,85.86,84.93,85.44
2010/02/03,85.44,86.12,85.25,85.57
2010/02/04,85.57,85.84,82.38,82.84
2010/02/05,82.84,84.19,82.5,83.48
2010/02/08,83.4,83.96,82.95,82.95
2010/02/09,82.95,84.22,82.81,84.08
2010/02/10,84.08,84.77,83.63,84.66
2010/02/11,84.66,85.6,84.5,85.48
2010/02/12,85.48,85.98,84.78,85.55
2010/02/15,85.6,85.92,85.5,85.75
2010/02/16,85.75,86.85,85.63,86.44
2010/02/17,86.44,87.32,86.21,87.15
2010/02/18,87.15,87.85,86.45,87.63
2010/02/19,87.63,88.32,87.15,88.04
2010/02/22,88.19,88.42,87.19,87.39
2010/02/23,87.39,87.64,85.05,85.36
2010/02/24,85.36,85.71,84.93,85.52
2010/02/25,85.52,85.79,83.17,83.92
2010/02/26,83.92,84.58,83.73,84.55
2010/03/01,84.5,85.72,84.38,85.52
2010/03/02,85.52,86.55,85.38,85.78
2010/03/03,85.78,86.18,85.48,85.71
2010/03/04,85.71,86.61,85.3,86.31
2010/03/05,86.31,88.19,86.26,87.65
2010/03/08,87.94,88.23,87.64,87.89
2010/03/09,87.89,87.93,86.95,87.64
2010/03/10,87.64,88.72,87.38,88.28
2010/03/11,88.28,88.49,87.55,88.33
2010/03/12,88.33,89.55,88.21,88.83
2010/03/15,89.11,89.26,88.35,88.79
2010/03/16,88.79,89.27,88.3,89.03
2010/03/17,89.03,89.65,88.83,89.35
2010/03/18,89.35,89.49,88.73,89.13
2010/03/19,89.13,90.05,88.75,89.03
2010/03/22,89.02,89.27,87.75,88.42
2010/03/23,88.42,89.02,88.27,88.95
2010/03/24,88.95,90.11,88.81,89.88
2010/03/25,89.88,91.09,89.62,90.55
2010/03/26,90.55,90.74,89.73,90.08
2010/03/29,89.96,91.03,89.91,90.56
2010/03/30,90.56,91.49,90.18,90.91
2010/03/31,90.91,92.1,90.91,92.01
2010/04/01,92.01,93.24,91.97,92.99
2010/04/02,92.99,93.78,92.55,93.51
2010/04/05,93.8,94.24,93.55,94.14
2010/04/06,94.14,94.21,93.45,93.64
2010/04/07,93.64,94.25,92.58,92.79
2010/04/08,92.79,93.17,91.99,93.14
2010/04/09,93.14,93.77,92.56,92.82
2010/04/12,92.82,93.15,92.49,92.98
2010/04/13,92.98,93.09,92.15,93.04
2010/04/14,93.04,93.95,92.95,93.35
2010/04/15,93.35,93.73,92.66,92.84
2010/04/16,92.84,92.94,90.37,90.86
2010/04/19,90.43,91.12,89.9,91.02
2010/04/20,91.02,93.54,90.96,93.33
2010/04/21,93.33,93.95,92.93,93.18
2010/04/22,93.18,93.59,92.46,93.43
2010/04/23,93.43,94.09,93.07,94.05
2010/04/26,94.09,94.47,93.81,93.84
2010/04/27,93.84,93.98,91.17,91.62
2010/04/28,91.62,93.55,91.43,93.14
2010/04/29,93.14,93.94,92.81,93.54
2010/04/30,93.54,94.13,92.3,92.47
2010/05/03,92.6,93.61,92.2,93.47
2010/05/04,93.47,93.87,91.97,92.21
2010/05/05,92.21,92.67,90.67,90.99
2010/05/06,90.99,91.27,82.08,86.03
2010/05/07,86.03,89.93,85.42,87.58
2010/05/10,88.88,91.46,88.47,91.13
2010/05/11,91.13,91.63,89.75,90.69
2010/05/12,90.69,91.76,90.27,91.26
2010/05/13,91.26,92.5,90.78,90.92
2010/05/14,90.92,91.07,88.49,89.43
2010/05/17,89.24,89.69,87.98,89.61
2010/05/18,89.61,90.51,88.52,88.75
2010/05/19,88.75,88.81,86.35,87.79
2010/05/20,87.79,88.19,83.04,83.74
2010/05/21,83.74,85.53,83.07,84.9
2010/05/24,84.73,85.8,84.21,84.92
2010/05/25,84.92,84.96,82.38,84.45
2010/05/26,84.45,85.46,83.76,83.97
2010/05/27,83.97,86.86,83.8,86.77
2010/05/28,86.77,87.37,86.04,86.41
2010/05/31,86.3,87.77,86.22,87.35
2010/06/01,87.35,87.6,85.84,86.2
2010/06/02,86.2,88.82,86.1,88.69
2010/06/03,88.69,89.64,88.18,89.06
2010/06/04,89.06,89.5,86.19,86.37
2010/06/07,86.06,87.47,85.19,86.15
2010/06/08,86.15,87.39,85.81,87.28
2010/06/09,87.28,88.31,86.8,87.38
2010/06/10,87.38,88.71,87.2,88.64
2010/06/11,88.64,88.98,87.98,88.67
2010/06/14,88.75,89.75,88.45,88.55
2010/06/15,88.55,89.29,87.98,89.16
2010/06/16,89.16,89.47,88.25,89.25
2010/06/17,89.25,89.27,87.65,88.48
2010/06/18,88.48,88.81,87.8,88.79
2010/06/21,88.63,89.99,88.54,88.94
2010/06/22,88.94,89.15,87.72,87.96
2010/06/23,87.96,88.13,86.07,86.39
2010/06/24,86.39,86.69,85.27,85.92
2010/06/25,85.92,86.45,85.67,86.14
2010/06/28,86.1,86.49,85.9,86.25
2010/06/29,86.25,86.36,83.64,83.88
2010/06/30,83.88,84.71,82.99,83.1
2010/07/01,83.1,83.28,81.61,82.64
2010/07/02,82.64,83.5,81.98,82.64
2010/07/05,82.51,83.11,82.2,82.54
2010/07/06,82.54,83.46,81.84,82.94
2010/07/07,82.94,83.76,82.08,83.74
2010/07/08,83.74,85.3,83.57,84.76
2010/07/09,84.76,85.91,84.58,85.73
2010/07/12,85.83,86.38,85.05,85.41
2010/07/13,85.41,86.07,85.2,86.05
2010/07/14,86.05,86.43,85.09,85.58
2010/07/15,85.58,85.79,83.55,84.13
2010/07/16,84.13,84.25,81.72,82.13
2010/07/19,81.94,82.94,81.74,82.17
2010/07/20,82.17,83.88,81.99,83.8
2010/07/21,83.8,84.18,82.81,82.97
2010/07/22,82.97,84.04,82.26,83.83
2010/07/23,83.83,84.35,83.43,84.25
2010/07/26,84.35,84.76,83.75,84.17
2010/07/27,84.17,85.35,84.09,84.86
2010/07/28,84.86,85.44,83.99,84.14
2010/07/29,84.14,84.71,83.37,83.63
2010/07/30,83.63,84.18,83.06,83.99
2010/08/02,83.94,84.93,83.82,84.53
2010/08/03,84.53,84.69,83.52,83.8
2010/08/04,83.8,84.8,83.19,84.67
2010/08/05,84.67,85.17,84.24,84.4
2010/08/06,84.4,84.78,82.72,83.05
2010/08/09,83.02,83.62,82.95,83.6
2010/08/10,83.6,83.7,82.45,82.8
2010/08/11,82.8,82.89,81.1,81.47
2010/08/12,81.47,82.42,81.07,82.35
2010/08/13,82.35,83.16,82.08,82.8
2010/08/16,82.72,82.8,81.47,81.77
2010/08/17,81.77,83.02,81.54,82.84
2010/08/18,82.84,83.14,82.52,82.95
2010/08/19,82.95,83.47,81.79,82.02
2010/08/20,82.02,82.28,81.17,81.66
2010/08/23,81.55,81.66,80.87,80.93
2010/08/24,80.93,80.99,78.44,79.03
2010/08/25,79.03,80,78.86,79.74
2010/08/26,79.74,80.39,79.71,79.84
2010/08/27,79.84,81.1,79.27,81.07
2010/08/30,81.39,81.93,79.71,79.8
2010/08/31,79.8,79.87,78.57,78.97
2010/09/01,78.97,80.67,78.89,80.34
2010/09/02,80.34,80.46,79.75,80.03
2010/09/03,80.03,81.61,79.8,81.2
2010/09/06,81.1,81.43,80.98,81.3
2010/09/07,81.3,81.31,79.89,80.01
2010/09/08,80.01,81.06,79.51,80.86
2010/09/09,80.86,81.27,80.45,80.97
2010/09/10,80.97,81.67,80.97,81.28
2010/09/13,81.55,81.76,81.15,81.43
2010/09/14,81.43,81.44,80.65,80.83
2010/09/15,80.83,83.49,80.71,83.47
2010/09/16,83.47,83.69,82.92,83.56
2010/09/17,83.56,84.01,82.77,83.19
2010/09/20,83.05,83.46,82.85,83.34
2010/09/21,83.34,83.36,82.6,82.83
2010/09/22,82.83,83.05,81.47,81.97
2010/09/23,81.97,82.19,81.22,81.53
2010/09/24,81.53,82.63,81.48,82.1
2010/09/27,82.25,82.42,81.81,81.91
2010/09/28,81.91,81.97,81.01,81.4
2010/09/29,81.4,81.8,80.89,81
2010/09/30,81,81.59,80.48,81.17
2010/10/01,81.17,81.78,80.82,81.64
2010/10/04,81.78,82.15,81.23,81.49
2010/10/05,81.49,82.07,81.37,81.86
2010/10/06,81.86,82.27,81.6,81.98
2010/10/07,81.98,82.15,80.72,80.94
2010/10/08,80.94,81.15,80.25,81.1
2010/10/11,80.94,81.22,80.86,80.94
2010/10/12,80.94,81.2,80.37,80.89
2010/10/13,80.89,81.67,80.84,81.5
2010/10/14,81.5,81.6,80.83,81.11
2010/10/15,81.11,81.16,80.34,80.44
2010/10/18,80.45,80.45,79.45,79.87
2010/10/19,79.87,79.98,78.75,78.96
2010/10/20,78.96,79.39,78.68,79.32
2010/10/21,79.32,79.64,78.9,79.14
2010/10/22,79.14,79.47,78.82,79.21
2010/10/25,79.33,79.39,78.9,79.22
2010/10/26,79.22,79.59,79.1,79.47
2010/10/27,79.47,79.79,78.94,79.46
2010/10/28,79.46,79.53,78.85,79.33
2010/10/29,79.33,79.5,78.74,78.89
2010/11/01,78.85,79.88,78.8,79.3
2010/11/02,79.3,80.1,79.19,79.9
2010/11/03,79.9,80.82,79.81,80.63
2010/11/04,80.63,80.79,80.1,80.5
2010/11/05,80.5,81.35,80.09,81.26
2010/11/08,81.26,81.26,80.64,80.85
2010/11/09,80.85,81.44,80.21,81.08
2010/11/10,81.08,82.5,80.91,82.2
2010/11/11,82.2,82.4,81.85,82.2
2010/11/12,82.2,82.26,80.62,81.65
2010/11/15,81.54,82.44,81.45,82.28
2010/11/16,82.28,82.55,81.35,81.48
2010/11/17,81.48,81.7,81.15,81.18
2010/11/18,81.18,82.2,81.17,81.89
2010/11/19,81.89,82.05,81.56,81.95
2010/11/22,81.99,82.38,81.64,81.78
2010/11/23,81.78,82.13,80.72,81.14
2010/11/24,81.14,82.67,81.12,82.63
2010/11/25,82.63,82.97,82.43,82.77
2010/11/26,82.77,83.07,81.72,82.39
2010/11/29,82.55,82.75,82.19,82.68
2010/11/30,82.68,82.73,81.14,81.49
2010/12/01,81.49,82.99,81.33,82.79
2010/12/02,82.79,83.69,82.54,83.53
2010/12/03,83.53,83.64,81.97,82.41
2010/12/06,82.47,82.61,82.03,82.16
2010/12/07,82.16,82.73,81.82,82.49
2010/12/08,82.49,83.44,82.47,83.13
2010/12/09,83.13,83.21,82.74,82.84
2010/12/10,82.84,83.15,82.59,83.1
2010/12/13,83.15,83.64,82.57,82.77
2010/12/14,82.77,83.21,82.29,83.09
2010/12/15,83.09,84.14,83,83.83
2010/12/16,83.83,84,83.36,83.41
2010/12/17,83.41,83.62,82.84,82.85
2010/12/20,82.94,83.04,81.99,82.37
2010/12/21,82.37,82.48,81.95,82.27
2010/12/22,82.27,82.54,82.04,82.4
2010/12/23,82.4,82.47,81.71,82.1
2010/12/24,82.1,82.45,81.93,82.26
2010/12/27,82.15,82.29,82,82.2
2010/12/28,82.2,82.44,81.8,82.25
2010/12/29,82.25,82.36,81.54,81.56
2010/12/30,81.56,81.8,81.22,81.5
2010/12/31,81.5,81.6,81.3,81.4
2011/01/03,81.64,82.46,81.52,82.25
2011/01/04,82.25,82.8,81.44,82.09
2011/01/05,82.09,83.76,81.88,83.53
2011/01/06,83.53,83.74,83.15,83.54
2011/01/07,83.54,84.37,83.18,83.66
2011/01/10,83.66,83.79,82.95,83.2
2011/01/11,83.2,84.21,83.13,84.02
2011/01/12,84.02,84.64,83.82,84.12
2011/01/13,84.12,84.22,83.45,83.72
2011/01/14,83.72,83.94,82.9,83.81
2011/01/17,83.83,83.96,83.28,83.76
2011/01/18,83.76,83.83,83.16,83.27
2011/01/19,83.27,83.4,82.19,82.37
2011/01/20,82.37,83.25,82.2,83.16
2011/01/21,83.16,83.45,82.9,82.94
2011/01/24,83.24,83.35,82.81,83.02
2011/01/25,83.02,83.14,82.05,82.47
2011/01/26,82.47,82.88,82.26,82.65
2011/01/27,82.65,83.52,82.45,83.37
2011/01/28,83.37,83.38,81.98,82.04
2011/01/31,82.03,82.35,81.48,81.85
2011/02/01,81.85,82.21,81.61,82.02
2011/02/02,82.02,82.76,82.02,82.56
2011/02/03,82.56,82.89,82.19,82.31
2011/02/04,82.31,83.31,82.03,83.14
2011/02/07,83.2,83.51,83.04,83.1
2011/02/08,83.1,83.18,82.36,82.73
2011/02/09,82.73,83.06,82.59,82.79
2011/02/10,82.79,83.68,82.76,83.55
2011/02/11,83.55,84.55,83.55,84.51
2011/02/14,84.54,84.75,84.1,84.26
2011/02/15,84.26,85.06,84.15,84.67
2011/02/16,84.67,85.03,84.57,84.89
2011/02/17,84.89,85.12,84.42,84.58
2011/02/18,84.58,84.83,84.13,84.25
2011/02/21,84.29,84.64,84.16,84.56
2011/02/22,84.56,84.97,83.43,83.59
2011/02/23,83.59,83.83,82.87,83.33
2011/02/24,83.33,83.41,82.66,83.24
2011/02/25,83.24,83.53,83.17,83.4
2011/02/28,83.49,84.22,83.39,84.11
2011/03/01,84.11,84.64,83.92,83.99
2011/03/02,83.99,84.29,83.8,84.1
2011/03/03,84.1,84.76,83.89,84.72
2011/03/04,84.72,85.34,84.55,84.71
2011/03/07,84.66,84.71,84.25,84.5
2011/03/08,84.5,85.12,84.44,85.07
2011/03/09,85.07,85.48,85.03,85.42
2011/03/10,85.42,85.55,84.89,85.01
2011/03/11,85.01,85.35,83.6,84.26
2011/03/14,83.84,84.55,83.4,83.82
2011/03/15,83.82,84.05,80.96,81.96
2011/03/16,81.96,82.48,80.14,80.33
2011/03/17,80.33,80.44,77.37,79.99
2011/03/18,79.99,83.47,79.95,81.82
2011/03/21,82.18,83.3,82,82.79
2011/03/22,82.79,83.12,82.45,82.57
2011/03/23,82.57,82.66,82.15,82.4
2011/03/24,82.4,83.05,82.34,82.88
2011/03/25,82.88,83.42,82.81,82.97
2011/03/28,83.02,83.84,82.98,83.55
2011/03/29,83.55,84.6,83.37,84.59
2011/03/30,84.59,85.73,84.48,85.32
2011/03/31,85.32,85.79,84.98,85.67
2011/04/01,85.67,87.74,85.67,87.2
2011/04/04,87.47,87.55,86.64,86.9
2011/04/05,86.9,88.09,86.9,88
2011/04/06,88,89.24,87.99,89
2011/04/07,89,89.05,87.92,88.58
2011/04/08,88.58,89.47,88.44,88.6
2011/04/11,88.82,89.07,88.33,88.48
2011/04/12,88.48,88.65,86.56,86.79
2011/04/13,86.79,87.68,86.67,87.03
2011/04/14,87.03,87.14,85.89,86.84
2011/04/15,86.84,87.16,86.13,86.53
2011/04/18,86.64,86.69,84.6,85.66
2011/04/19,85.66,86.54,85.25,86.32
2011/04/20,86.32,87.1,86.18,86.6
2011/04/21,86.6,86.75,85.7,85.92
2011/04/22,85.92,86.16,85.66,85.82
2011/04/25,85.94,86.38,85.55,85.7
2011/04/26,85.7,86.19,85.39,85.65
2011/04/27,85.65,86.57,85.5,86.4
2011/04/28,86.4,86.58,85.58,85.7
2011/04/29,85.7,85.87,85.27,85.65
2011/05/02,85.78,86.04,85.33,85.43
2011/05/03,85.43,85.6,84.6,84.94
2011/05/04,84.94,85.16,83.83,84.05
2011/05/05,84.05,84.21,82.31,82.78
2011/05/06,82.78,84.44,82.7,83.28
2011/05/09,83.65,83.85,83.17,83.47
2011/05/10,83.47,84.44,83.11,84.43
2011/05/11,84.43,85.24,83.77,84.23
2011/05/12,84.23,84.52,83.32,84.08
2011/05/13,84.08,84.21,82.8,83.36
2011/05/16,83.36,83.6,82.68,82.85
2011/05/17,82.85,84.05,82.77,83.66
2011/05/18,83.66,84.2,83.14,84.07
2011/05/19,84.07,84.95,84.04,84.32
2011/05/20,84.32,84.6,83.64,83.91
2011/05/23,83.89,84.04,83.08,83.81
2011/05/24,83.81,84.15,83.56,83.85
2011/05/25,83.85,84.07,83.38,83.8
2011/05/26,83.8,83.96,82.74,83.07
2011/05/27,83.07,83.18,82.61,82.74
2011/05/30,82.73,82.89,82.61,82.77
2011/05/31,82.77,84.47,82.71,84.11
2011/06/01,84.11,84.2,82.82,82.89
2011/06/02,82.89,83.17,82.37,82.85
2011/06/03,82.85,83,81.37,82.03
2011/06/06,82.03,82.21,81.56,81.68
2011/06/07,81.68,82.38,81.65,82.15
2011/06/08,82.15,82.33,81.23,81.54
2011/06/09,81.54,82.54,81.47,82.52
2011/06/10,82.52,82.59,81.86,82.06
2011/06/13,82.04,82.47,81.84,82.11
2011/06/14,82.11,83.21,81.97,83.03
2011/06/15,83.03,83.43,82.25,82.67
2011/06/16,82.67,82.76,81.54,82.08
2011/06/17,82.08,82.1,81.48,81.64
2011/06/20,81.74,82.03,81.28,81.85
2011/06/21,81.85,82.49,81.68,82.47
2011/06/22,82.47,82.68,82.1,82.48
2011/06/23,82.48,82.81,81.96,82.19
2011/06/24,82.19,82.34,81.37,81.52
2011/06/27,81.44,82,81.32,81.95
2011/06/28,81.95,82.58,81.71,82.55
2011/06/29,82.55,83.44,82.42,83.25
2011/06/30,83.25,83.81,83,83.6
2011/07/01,83.6,84.29,83.5,84.26
2011/07/04,84.26,84.34,83.9,84.04
2011/07/05,84.04,84.42,84.02,84.16
2011/07/06,84.16,84.27,83.43,83.78
2011/07/07,83.78,84.88,83.68,84.68
2011/07/08,84.68,85.03,83.35,83.86
2011/07/11,83.82,83.85,82.72,82.85
2011/07/12,82.85,82.92,80.98,82.04
2011/07/13,82.04,82.62,81.26,82.38
2011/07/14,82.38,82.86,81.85,82.39
2011/07/15,82.39,82.95,82.21,82.8
2011/07/18,82.89,82.89,82.12,82.34
2011/07/19,82.34,83.4,82.26,83.26
2011/07/20,83.26,83.43,82.95,83.12
2011/07/21,83.12,83.55,82.88,82.97
2011/07/22,82.97,83.34,82.26,82.59
2011/07/25,82.54,82.94,82.17,82.68
2011/07/26,82.68,83.2,82.35,82.56
2011/07/27,82.56,82.69,82.05,82.09
2011/07/28,82.09,82.24,81.63,81.75
2011/07/29,81.75,81.88,80.4,80.58
2011/08/01,80.99,81.92,79.61,80.62
2011/08/02,80.62,81.38,80.11,80.23
2011/08/03,80.23,80.65,79.67,80.03
2011/08/04,80.03,82.63,79.94,80.39
2011/08/05,80.39,81.09,79.6,80.19
2011/08/08,79.54,79.93,78,78.19
2011/08/09,78.19,78.75,76.92,78.61
2011/08/10,78.61,79.04,76.85,77.26
2011/08/11,77.26,77.96,76.8,77.95
2011/08/12,77.95,78.14,77.3,77.51
2011/08/15,77.8,78.45,77.56,78.4
2011/08/16,78.4,78.46,77.69,78.14
2011/08/17,78.14,78.28,77.8,78.05
2011/08/18,78.05,78.16,76.94,77.3
2011/08/19,77.3,77.62,76.99,77.35
2011/08/22,77.35,78.09,77.25,77.5
2011/08/23,77.53,77.79,77.22,77.58
2011/08/24,77.49,77.99,77.28,77.95
2011/08/25,77.9,78.74,77.75,78.35
2011/08/26,78.35,78.45,77.18,77.95
2011/08/29,77.99,78.86,77.99,78.6
2011/08/30,78.72,78.85,78.14,78.4
2011/08/31,78.35,78.84,78.09,78.36
2011/09/01,78.26,79.06,78.25,78.75
2011/09/02,78.76,78.84,77.93,78.06
2011/09/05,77.96,77.96,77.4,77.64
2011/09/06,77.62,78.48,77.38,78.36
2011/09/07,78.35,78.48,77.92,78.44
2011/09/08,78.39,78.61,78.25,78.35
2011/09/09,78.25,78.49,77.35,77.74
2011/09/12,77.74,77.87,76.65,77.76
2011/09/13,77.72,78,77.16,77.92
2011/09/14,77.9,78.08,77.19,77.39
2011/09/15,77.35,78.22,77.05,77.9
2011/09/16,77.89,78.51,77.75,78.46
2011/09/19,78.25,78.4,76.95,77.35
2011/09/20,77.2,77.36,76.86,77.02
2011/09/21,77.11,77.11,75.8,75.8
2011/09/22,75.8,76.24,73.57,73.73
2011/09/23,74.1,74.54,73.6,74.37
2011/09/26,74.37,74.61,73.4,74.41
2011/09/27,74.49,75.64,74.27,75.29
2011/09/28,75.25,75.35,74.03,74.11
2011/09/29,74.03,74.88,73.69,74.16
2011/09/30,74.1,74.25,73.3,73.58
2011/10/03,73.55,73.71,72.6,72.63
2011/10/04,72.5,73.05,72.15,72.97
2011/10/05,72.99,73.79,72.46,73.75
2011/10/06,73.65,73.91,73.13,73.74
2011/10/07,73.89,75.06,73.58,73.86
2011/10/10,73.86,74.79,73.86,74.68
2011/10/11,74.54,74.73,74.16,74.29
2011/10/12,74.5,76.34,74.21,75.85
2011/10/13,76,76,74.77,75.25
2011/10/14,75.28,76.44,75.1,76.31
2011/10/17,76.44,77.05,75,75
2011/10/18,75,75.96,74.7,75.62
2011/10/19,75.62,76.12,75.11,75.25
2011/10/20,75.39,75.84,74.82,75.53
2011/10/21,75.65,75.91,75.07,75.34
2011/10/24,75.54,75.91,75.41,75.74
2011/10/25,75.79,76.19,74.38,74.66
2011/10/26,74.78,75.94,74.55,75.83
2011/10/27,75.81,76.74,75.78,76.64
2011/10/28,76.62,76.67,75.96,76.23
2011/10/31,76.37,79.6,76.09,78.1
2011/11/01,78.1,79.04,76.71,76.83
2011/11/02,76.8,77.15,76.47,76.88
2011/11/03,76.97,77.48,76.37,77.44
2011/11/04,77.39,77.48,76.45,76.85
2011/11/07,76.85,77.07,76.51,77.04
2011/11/08,76.93,77.1,76.53,76.95
2011/11/09,76.9,77.05,75.96,75.96
2011/11/10,75.96,76.38,75.6,76.29
2011/11/11,76.27,76.38,75.57,76.23
2011/11/14,76.39,76.46,75.48,75.81
2011/11/15,75.84,76.15,74.97,75.41
2011/11/16,75.46,75.67,74.78,75.21
2011/11/17,75.19,75.4,74.75,74.75
2011/11/18,74.8,75.09,74.55,74.84
2011/11/21,74.75,74.85,73.86,73.95
2011/11/22,73.95,74.44,73.95,74.1
2011/11/23,74.11,74.16,73.73,73.73
2011/11/24,73.8,73.84,73.49,73.62
2011/11/25,73.63,74.34,73.56,74.13
2011/11/28,74.32,75.79,74.13,75.33
2011/11/29,75.34,75.72,75.15,75.5
2011/11/30,75.57,76.54,75.2,76.18
2011/12/01,76.11,76.64,75.96,76.6
2011/12/02,76.59,77.34,76.43,76.54
2011/12/05,76.64,76.89,76.29,76.52
2011/12/06,76.45,76.97,76.14,76.93
2011/12/07,76.93,77.1,76.74,76.98
2011/12/08,76.89,76.98,75.87,75.87
2011/12/09,75.87,76.19,75.66,76.17
2011/12/12,76,76.2,75.63,75.87
2011/12/13,75.87,75.93,75.33,75.42
2011/12/14,75.4,75.48,74.89,75.07
2011/12/15,75.12,75.39,74.89,75.21
2011/12/16,75.26,75.54,74.72,74.96
2011/12/19,74.95,75.34,74.75,75.13
2011/12/20,75.11,75.7,75.06,75.58
2011/12/21,75.57,76.07,75.52,76.06
2011/12/22,75.99,76.59,75.91,76.58
2011/12/23,76.47,76.69,76.41,76.55
2011/12/26,76.39,76.49,76.2,76.2
2011/12/27,76.2,76.59,76.17,76.37
2011/12/28,76.38,76.56,76.03,76.03
2011/12/29,76.09,76.16,75.83,76.06
2011/12/30,76.04,76.16,75.43,75.43
2012/01/03,75.4,76.14,75.36,75.87
2012/01/04,75.86,75.96,75.53,75.71
2012/01/05,75.74,75.85,75.35,75.59
2012/01/06,75.6,75.84,74.85,74.85
2012/01/09,74.89,75.09,74.5,75.03
2012/01/10,75.02,75.59,75.01,75.58
2012/01/11,75.55,75.82,75.31,75.39
2012/01/12,75.43,75.74,75.15,75.31
2012/01/13,75.35,75.45,74.87,75.17
2012/01/16,74.97,75.45,74.95,75.34
2012/01/17,75.4,75.86,75.33,75.62
2012/01/18,75.63,75.94,75.4,75.91
2012/01/19,75.88,76.5,75.78,76.21
2012/01/20,76.21,76.32,75.8,75.97
2012/01/23,75.86,76.59,75.75,76.3
2012/01/24,76.31,77.04,76.25,76.95
2012/01/25,76.95,77.44,76.84,77.35
2012/01/26,77.31,77.55,77.26,77.28
2012/01/27,77.28,77.32,76.5,76.52
2012/01/30,76.65,76.65,75.88,76.19
2012/01/31,76.18,76.6,75.9,76.08
2012/02/01,76.03,76.49,75.77,76.3
2012/02/02,76.29,76.39,76,76.25
2012/02/03,76.25,77.04,75.96,77
2012/02/06,76.97,77.12,76.67,76.83
2012/02/07,76.82,77.3,76.78,77.15
2012/02/08,77.14,77.56,76.98,77.33
2012/02/09,77.31,78.09,77.24,78.01
2012/02/10,78.02,78.08,77.34,77.55
2012/02/13,77.58,77.84,77.33,77.57
2012/02/14,77.59,78.54,77.32,78.51
2012/02/15,78.48,78.98,78.3,78.44
2012/02/16,78.37,79.19,78.16,79.17
2012/02/17,79.16,79.94,79,79.78
2012/02/20,80.21,80.49,79.83,80.14
2012/02/21,80.09,80.32,79.83,79.95
2012/02/22,79.93,80.46,79.89,80.29
2012/02/23,80.26,80.54,80.04,80.16
2012/02/24,80.12,81.13,80.08,81.13
2012/02/27,81.29,81.65,79.89,80.66
2012/02/28,80.66,81.19,80.2,80.81
2012/02/29,80.81,82.24,80.76,81.95
2012/03/01,82.06,82.49,81.76,82.2
2012/03/02,82.28,82.79,82.24,82.71
2012/03/05,82.68,82.74,81.53,81.96
2012/03/06,81.96,82.02,80.39,80.68
2012/03/07,80.68,81.35,80.44,81.21
2012/03/08,81.26,82.44,81.24,82.28
2012/03/09,82.27,83.47,82.16,83.18
2012/03/12,83.34,83.34,82.67,82.84
2012/03/13,82.9,83.94,82.71,83.9
2012/03/14,83.78,84.64,83.75,84.38
2012/03/15,84.26,84.69,83.64,84.19
2012/03/16,84.15,84.52,83.8,84.09
2012/03/19,84.14,84.56,83.67,84.37
2012/03/20,84.35,84.64,83.8,84.37
2012/03/21,84.34,84.94,83.97,84.09
2012/03/22,84.05,84.19,82.34,82.61
2012/03/23,82.59,82.94,81.87,82.56
2012/03/26,82.59,83.61,82.59,83.53
2012/03/27,83.55,84.06,83.34,83.53
2012/03/28,83.53,83.57,82.76,83.01
2012/03/29,82.98,83.06,81.8,82.69
2012/03/30,82.61,83.04,82.04,83.04
2012/04/02,83.12,83.51,82.3,82.78
2012/04/03,82.78,83.63,82.37,83.48
2012/04/04,83.52,83.59,82.56,82.75
2012/04/05,82.71,83.05,81.89,82.84
2012/04/06,82.81,83.09,81.6,81.77
2012/04/09,81.7,81.94,81.26,81.67
2012/04/10,81.76,82.12,80.3,80.34
2012/04/11,80.34,80.97,80.2,80.5
2012/04/12,80.5,81.27,80.5,81.27
2012/04/13,81.27,81.61,80.96,80.97
2012/04/16,80.97,81.09,80.18,80.44
2012/04/17,80.45,81.81,80.31,81.61
2012/04/18,81.61,82.4,81.61,81.93
2012/04/19,81.96,82.58,81.75,81.92
2012/04/20,81.95,82.45,81.9,82.13
2012/04/23,82.19,82.21,81.22,81.87
2012/04/24,81.87,82.37,81.58,82.35
2012/04/25,82.37,82.92,82.2,82.69
2012/04/26,82.65,82.79,81.98,82.22
2012/04/27,82.22,82.57,81.7,81.81
2012/04/30,81.82,81.94,80.64,80.83
2012/05/01,80.77,81.49,80.55,81.2
2012/05/02,81.2,81.68,80.9,81.2
2012/05/03,81.19,81.8,81.06,81.08
2012/05/04,81.08,81.44,80.11,80.17
2012/05/07,80.07,80.47,79.79,80.4
2012/05/08,80.44,80.53,79.55,79.93
2012/05/09,79.92,79.95,79,79.41
2012/05/10,79.48,80.02,79.37,79.72
2012/05/11,79.65,80.28,79.36,79.87
2012/05/14,79.88,80.11,79.35,79.54
2012/05/15,79.57,80.06,79.48,79.62
2012/05/16,79.62,80.04,79.25,79.32
2012/05/17,79.29,79.43,77.73,77.75
2012/05/18,77.84,78.19,77.27,77.27
2012/05/21,77.44,77.99,77.26,77.93
2012/05/22,77.91,78.61,77.85,78.3
2012/05/23,78.24,78.31,77,77.51
2012/05/24,77.51,77.65,77.19,77.51
2012/05/25,77.51,77.68,77.25,77.33
2012/05/28,77.49,77.61,77.35,77.6
2012/05/29,77.6,77.82,77.29,77.71
2012/05/30,77.66,77.74,76.5,76.75
2012/05/31,76.83,76.86,75.45,75.85
2012/06/01,75.88,75.99,74.36,74.97
2012/06/04,74.99,75.39,74.75,75.35
2012/06/05,75.35,76.06,75.03,75.84
2012/06/06,75.85,77.09,75.76,77.04
2012/06/07,77.06,78.01,76.96,77.48
2012/06/08,77.51,77.62,76.43,77.19
2012/06/11,77.65,78.04,76.99,77
2012/06/12,76.99,77.5,76.75,77.44
2012/06/13,77.49,77.69,77.05,77.14
2012/06/14,77.16,77.55,77.05,77.55
2012/06/15,77.54,77.64,76.71,76.86
2012/06/18,77.34,77.74,76.75,77.2
2012/06/19,77.21,77.67,77.01,77.53
2012/06/20,77.5,78.26,77.3,78.1
2012/06/21,78.04,78.61,77.8,78.01
2012/06/22,78.02,78.5,77.77,78.45
2012/06/25,78.49,78.49,77.09,77.37
2012/06/26,77.35,77.64,77.06,77.62
2012/06/27,77.59,77.82,77.41,77.74
2012/06/28,77.67,77.77,76.6,76.86
2012/06/29,76.83,78.51,76.6,78.51
2012/07/02,78.51,78.61,77.79,78.13
2012/07/03,78.16,78.87,78.05,78.79
2012/07/04,78.8,78.87,78.57,78.79
2012/07/05,78.76,79.06,78.48,78.77
2012/07/06,78.77,78.84,78,78.18
2012/07/09,78.1,78.24,77.88,78.01
2012/07/10,78.04,78.11,77.59,77.65
2012/07/11,77.61,78.19,77.48,78.17
2012/07/12,78.14,78.35,77.3,77.77
2012/07/13,77.7,78.16,77.65,78.04
2012/07/16,78.15,78.15,77.43,77.65
2012/07/17,77.67,78.12,77.56,78.05
2012/07/18,78.04,78.14,77.79,77.97
2012/07/19,77.99,78.05,77.76,77.98
2012/07/20,77.96,78.12,77.45,77.49
2012/07/23,77.45,77.45,76.63,76.93
2012/07/24,76.9,77.02,76.4,76.5
2012/07/25,76.51,77.01,76.33,76.95
2012/07/26,76.96,77.61,76.8,77.41
2012/07/27,77.4,78.29,77.3,78.14
2012/07/30,78.19,78.19,77.74,78.02
2012/07/31,78.02,78.19,77.83,77.84
2012/08/01,77.85,78.14,77.64,77.96
2012/08/02,77.95,78.21,77.55,77.63
2012/08/03,77.68,78.8,77.5,78.38
2012/08/06,78.39,78.59,78.14,78.23
2012/08/07,78.2,78.96,78.09,78.81
2012/08/08,78.83,78.94,78.44,78.83
2012/08/09,78.81,79.44,78.73,79.28
2012/08/10,79.26,79.31,78.48,78.93
2012/08/13,78.9,79.02,78.76,78.86
2012/08/14,78.87,79.61,78.86,79.34
2012/08/15,79.37,79.79,79.29,79.79
2012/08/16,79.76,80.41,79.74,80.4
2012/08/17,80.4,80.51,80.21,80.46
2012/08/20,80.46,80.5,80.12,80.31
2012/08/21,80.31,80.64,80,80.16
2012/08/22,80.13,80.16,78.94,79.22
2012/08/23,79.22,79.46,78.87,78.98
2012/08/24,79,79.37,78.91,79.29
2012/08/27,79.33,79.54,79.29,79.44
2012/08/28,79.47,79.77,79.17,79.43
2012/08/29,79.43,79.75,79.28,79.52
2012/08/30,79.52,79.58,79.03,79.2
2012/08/31,79.2,79.44,79,79.44
2012/09/03,79.42,79.51,79.2,79.34
2012/09/04,79.37,79.64,79.27,79.5
2012/09/05,79.51,79.58,78.95,79.11
2012/09/06,79.13,80.42,79.05,80.21
2012/09/07,80.21,80.49,79.8,79.95
2012/09/10,79.99,80.2,79.85,80.04
2012/09/11,80.04,80.33,79.83,79.88
2012/09/12,79.87,80.12,79.68,79.73
2012/09/13,79.77,80.12,79.18,79.97
2012/09/14,79.99,81,79.92,80.61
2012/09/17,80.66,81.24,80.53,80.72
2012/09/18,80.72,80.84,80.45,80.84
2012/09/19,80.83,81.39,80.15,80.37
2012/09/20,80.37,80.42,79.59,80.07
2012/09/21,80.08,80.32,79.9,79.97
2012/09/24,79.97,79.97,79.33,79.52
2012/09/25,79.54,79.79,79.2,79.31
2012/09/26,79.3,79.35,78.82,78.84
2012/09/27,78.84,79.25,78.79,79.1
2012/09/28,79.11,79.44,78.98,79.3
2012/10/01,79.25,79.62,79.04,79.36
2012/10/02,79.37,79.64,79.3,79.37
2012/10/03,79.41,79.61,79.15,79.44
2012/10/04,79.47,80.02,79.41,80
2012/10/05,80.01,80.91,79.83,80.38
2012/10/08,80.39,80.49,79.73,80.15
2012/10/09,80.13,80.41,79.74,79.97
2012/10/10,79.95,80.16,79.59,79.62
2012/10/11,79.59,80.36,79.37,80.01
2012/10/12,80.06,80.25,79.81,80.01
2012/10/15,80,80.65,79.84,80.19
2012/10/16,80.19,80.45,79.85,79.95
2012/10/17,79.94,80.81,79.67,80.68
2012/10/18,80.69,81.09,80.26,80.44
2012/10/19,80.4,80.59,79.73,79.82
2012/10/22,79.74,80.56,79.65,80.54
2012/10/23,80.55,80.61,79.97,80.43
2012/10/24,80.46,80.7,80.11,80.29
2012/10/25,80.27,80.96,80.25,80.68
2012/10/26,80.71,80.76,79.62,79.76
2012/10/29,79.84,79.86,79.53,79.69
2012/10/30,79.69,79.94,79.13,79.63
2012/10/31,79.58,80.1,79.55,79.8
2012/11/01,79.8,80.46,79.75,80.37
2012/11/02,80.41,81.08,80.37,80.82
2012/11/05,80.84,80.94,80.4,80.56
2012/11/06,80.52,81.1,80.33,80.96
2012/11/07,80.96,81.29,79.97,80.24
2012/11/08,80.21,80.26,79.32,79.42
2012/11/09,79.39,79.64,78.88,79.37
2012/11/12,79.46,79.55,79.35,79.47
2012/11/13,79.51,79.59,79.07,79.17
2012/11/14,79.23,80.21,79.19,79.92
2012/11/15,79.92,81.2,79.83,81.02
2012/11/16,81.01,81.3,80.77,81.24
2012/11/19,81.2,81.66,81.12,81.66
2012/11/20,81.6,81.95,81.36,81.89
2012/11/21,81.9,82.78,81.81,82.76
2012/11/22,82.74,83.1,82.43,82.69
2012/11/23,82.66,83.05,82.28,83.05
2012/11/26,82.87,83.18,82.43,82.58
2012/11/27,82.65,82.95,82.42,82.6
2012/11/28,82.57,82.67,82.03,82.67
2012/11/29,82.67,82.83,82.45,82.71
2012/11/30,82.66,83.3,82.6,82.92
2012/12/03,82.9,83.06,82.52,82.62
2012/12/04,82.62,82.64,82.2,82.45
2012/12/05,82.46,83.13,82.34,83.11
2012/12/06,83.09,83.2,82.96,83.08
2012/12/07,83.08,83.76,82.82,83.26
2012/12/10,83.48,83.68,83.11,83.45
2012/12/11,83.45,83.67,83.37,83.63
2012/12/12,83.63,84.64,83.61,84.53
2012/12/13,84.5,85,84.4,84.9
2012/12/14,84.9,85.29,84.53,84.64
2012/12/17,85.04,85.44,84.64,85.22
2012/12/18,85.22,85.45,85.11,85.4
2012/12/19,85.38,85.77,85.24,85.35
2012/12/20,85.19,85.47,84.76,85.41
2012/12/21,85.37,85.46,84.5,84.8
2012/12/24,84.81,85.59,84.8,85.52
2012/12/25,85.45,85.48,85.3,85.39
2012/12/26,85.38,86.19,85.38,86.09
2012/12/27,86.02,86.74,86.01,86.48
2012/12/28,86.52,87.01,86.26,86.26
2012/12/31,86.3,86.79,86.14,86.72
2013/01/02,87.18,88.6,87.06,88.6
2013/01/03,88.59,88.6,87.98,88.3
2013/01/04,88.42,89.58,88.4,89.24
2013/01/07,89.35,89.55,88.71,89
2013/01/08,88.96,89,88.08,88.19
2013/01/09,88.21,89.12,88,88.94
2013/01/10,88.98,90.21,88.97,90.21
2013/01/11,90.24,90.99,90.22,90.47
2013/01/14,90.71,91.09,90.31,90.91
2013/01/15,90.91,91.08,89.58,90.2
2013/01/16,90.26,90.26,88.96,89.62
2013/01/17,89.66,91.44,89.28,91.15
2013/01/18,91.18,91.36,90.28,90.74
2013/01/21,90.85,90.9,90,90.25
2013/01/22,90.29,90.78,88.94,89.37
2013/01/23,89.41,89.45,88.47,88.67
2013/01/24,88.62,90.25,88.39,90.09
2013/01/25,90.12,90.6,89.92,90.37
2013/01/28,90.37,90.54,89.69,90.21
2013/01/29,90.1,90.59,89.78,90.59
2013/01/30,90.59,91.15,90.53,90.94
2013/01/31,90.89,91.69,90.46,91.57
2013/02/01,91.94,93.15,91.82,93.02
2013/02/04,93.19,93.54,92.35,92.46
2013/02/05,92.37,94.01,92.06,94.01
2013/02/06,94.14,94.34,93.42,94.02
2013/02/07,93.99,94.45,93.25,93.81
2013/02/08,93.78,93.9,92.05,92.37
2013/02/11,92.27,93.98,92,93.85
2013/02/12,93.78,93.85,92.7,93.24
2013/02/13,93.29,93.37,92.64,93.26
2013/02/14,93.17,93.5,92.57,92.74
2013/02/15,92.84,93.24,92.05,92.92
2013/02/18,93.1,93.48,92.81,92.94
2013/02/19,92.89,92.94,92.15,92.45
2013/02/20,92.44,92.67,91.9,92.05
2013/02/21,92.02,92.24,90.99,91.4
2013/02/22,91.38,91.87,90.86,91.51
2013/02/25,92.11,92.19,88.54,88.77
2013/02/26,89.7,90.39,88.59,89.62
2013/02/27,89.66,90.25,88.74,90.12
2013/02/28,90.12,90.53,89.49,89.76
2013/03/01,89.84,91.14,89.65,91.09
2013/03/04,90.99,91.11,90.44,90.94
2013/03/05,90.94,91.05,90.53,90.8
2013/03/06,90.85,91.2,90.5,91.12
2013/03/07,91.05,92.25,90.88,92.08
2013/03/08,92.08,94.23,92.07,93.29
2013/03/11,93.39,93.86,93.3,93.83
2013/03/12,93.83,94.19,93.05,93.65
2013/03/13,93.6,93.72,93.05,93.49
2013/03/14,93.46,94.11,93.17,93.99
2013/03/15,93.96,94.31,93.26,93.46
2013/03/18,92.86,93.49,92.14,93.15
2013/03/19,93.12,93.62,92.2,92.64
2013/03/20,92.62,93.71,92.33,93.56
2013/03/21,93.55,93.65,92.28,92.57
2013/03/22,92.6,92.86,91.81,92.43
2013/03/25,92.37,93.09,91.47,92.17
2013/03/26,92.17,93.01,91.9,92.92
2013/03/27,92.9,93.22,92.33,92.9
2013/03/28,92.89,92.91,92.29,92.63
2013/03/29,92.61,92.74,92.45,92.59
2013/04/01,92.63,92.71,91.58,91.68
2013/04/02,91.69,92.17,91.19,92.04
2013/04/03,92.02,92.28,91.37,91.66
2013/04/04,91.66,95.19,91.43,95.09
2013/04/05,95.08,96.21,93.92,95.97
2013/04/08,96.95,97.71,96.55,97.69
2013/04/09,97.79,97.95,97,97.39
2013/04/10,97.48,98.44,97.37,98.37
2013/04/11,98.31,98.84,97.88,98.62
2013/04/12,98.61,98.74,96.77,96.96
2013/04/15,97.04,97.31,93.96,94.32
2013/04/16,94,96.09,93.9,95.48
2013/04/17,95.61,96.21,94.56,95.56
2013/04/18,95.66,96.19,95.01,95.64
2013/04/19,95.73,97.1,95.63,96.95
2013/04/22,97.14,97.41,96.26,96.72
2013/04/23,96.81,96.96,95.8,96.9
2013/04/24,96.8,97.11,96.6,96.99
2013/04/25,96.98,97.54,96.69,97.25
2013/04/26,97.34,97.38,95.87,96.29
2013/04/29,96.29,96.94,95.83,96.63
2013/04/30,96.73,96.91,96.17,96.68
2013/05/01,96.66,97.04,96.19,96.57
2013/05/02,96.53,97.69,96.27,96.91
2013/05/03,96.94,98.34,96.74,98.16
2013/05/06,98.44,98.69,98.25,98.62
2013/05/07,98.62,98.85,98.15,98.54
2013/05/08,98.51,98.67,98.07,98.65
2013/05/09,98.59,100.21,98.32,99.93
2013/05/10,99.96,100.94,99.87,100.55
2013/05/13,100.61,100.99,100.31,100.7
2013/05/14,100.68,100.84,100.01,100.54
2013/05/15,100.41,100.76,100.08,100.61
2013/05/16,100.61,100.73,100.21,100.31
2013/05/17,100.34,100.39,99.37,100.39
2013/05/20,100.07,100.13,99.45,99.83
2013/05/21,99.83,100.15,99.4,99.78
2013/05/22,99.8,100.25,98.94,99.43
2013/05/23,99.41,99.64,97.32,98.96
2013/05/24,98.95,99.31,97.4,97.94
2013/05/27,97.94,98.14,97.53,97.59
2013/05/28,97.69,98.96,97.65,98.37
2013/05/29,98.24,98.44,97.03,97.67
2013/05/30,97.71,98.11,97.12,97.77
2013/05/31,97.86,98.21,96.8,96.8
2013/06/03,96.94,97.11,96,96.77
2013/06/04,96.75,97.3,96.53,96.73
2013/06/05,96.68,97.01,95.6,95.73
2013/06/06,95.82,96.08,93.99,94.46
2013/06/07,94.61,95.65,92.96,95.64
2013/06/10,95.74,97.35,95.74,96.84
2013/06/11,96.96,97.11,93.7,94.2
2013/06/12,94.25,95.29,93.29,93.97
2013/06/13,94.03,94.04,91.81,93.88
2013/06/14,93.92,94.3,92.33,92.57
2013/06/17,92.74,93.63,92.56,92.73
2013/06/18,92.87,93.76,92.67,93.29
2013/06/19,93.35,94.49,92.86,93.87
2013/06/20,93.84,95.05,93.48,93.65
2013/06/21,93.71,94.51,92.92,93.51
2013/06/24,93.55,93.98,92.15,93.04
2013/06/25,92.98,93.31,92.47,93.01
2013/06/26,93.04,93.41,92.77,93.28
2013/06/27,93.37,94.19,93.2,93.83
2013/06/28,93.89,94.56,93.8,94.27
2013/07/01,94.41,95.09,94.28,94.92
2013/07/02,94.9,95.64,94.4,95.39
2013/07/03,95.37,95.58,94.18,95.07
2013/07/04,95.11,95.45,94.55,95.07
2013/07/05,95.07,95.75,94.75,95.73
2013/07/08,95.79,95.96,95.28,95.62
2013/07/09,95.55,96.16,95.4,96.04
2013/07/10,96.03,96.09,94.85,95.22
2013/07/11,95.41,95.78,94.45,95.41
2013/07/12,95.41,95.99,95.09,95.47
2013/07/15,95.51,96.34,95.3,95.73
2013/07/16,95.78,95.85,95.28,95.53
2013/07/17,95.51,96.09,95.11,95.64
2013/07/18,95.68,96.87,95.57,96.74
2013/07/19,96.86,97.05,96.32,96.88
2013/07/22,96.97,96.99,95.89,96.41
2013/07/23,96.28,97.05,95.9,96.63
2013/07/24,96.62,97.61,96.47,97.18
2013/07/25,97.16,97.32,96.36,96.54
2013/07/26,96.57,96.63,95.28,95.55
2013/07/29,95.5,95.58,95.05,95.38
2013/07/30,95.37,95.79,95,95.1
2013/07/31,95.12,95.69,94.71,95.24
2013/08/01,95.15,96.29,94.95,96.19
2013/08/02,96.19,96.28,95.07,95.14
2013/08/05,95.18,95.33,94.6,94.81
2013/08/06,94.82,95.1,93.98,94.19
2013/08/07,94.2,94.25,92.39,92.39
2013/08/08,92.42,93.61,92.29,93.61
2013/08/09,93.57,93.85,92.98,93.54
2013/08/12,93.57,94.04,93.25,94
2013/08/13,94.01,95.05,93.96,94.91
2013/08/14,94.92,95.14,94.55,94.87
2013/08/15,94.87,95.21,94.21,94.45
2013/08/16,94.34,94.81,94,94.38
2013/08/19,94.42,94.96,94.25,94.28
2013/08/20,94.32,94.45,93.29,93.55
2013/08/21,93.55,93.79,93.19,93.27
2013/08/22,93.21,94.06,93.15,93.81
2013/08/23,93.83,94.06,93.5,93.95
2013/08/26,93.89,94.07,93.46,93.75
2013/08/27,93.7,93.8,92.35,92.59
2013/08/28,92.54,93.34,92.25,93.05
2013/08/29,93.08,93.71,92.9,93.3
2013/08/30,93.3,93.44,92.95,93.15
2013/09/02,93.35,94.29,93.26,94.13
2013/09/03,94.18,94.8,94.04,94.5
2013/09/04,94.49,95.09,94.33,95
2013/09/05,95.04,95.36,94.85,95.26
2013/09/06,95.32,95.49,94.75,95.14
2013/09/09,95.8,96.09,95.57,95.93
2013/09/10,95.98,97.07,95.9,96.99
2013/09/11,96.93,97.14,96.58,96.78
2013/09/12,96.79,96.9,95.9,96.37
2013/09/13,96.33,96.68,95.85,95.9
2013/09/16,95.93,96.09,95.7,95.93
2013/09/17,95.92,96.65,95.89,96.25
2013/09/18,96.25,96.39,95.65,95.75
2013/09/19,95.89,97.39,95.82,96.87
2013/09/20,96.81,96.9,96.35,96.36
2013/09/23,96.39,96.44,95.83,96.09
2013/09/24,96.1,96.41,95.5,95.83
2013/09/25,95.82,95.95,95.35,95.41
2013/09/26,95.43,96.03,95.25,95.99
2013/09/27,95.92,95.99,95.17,95.23
2013/09/30,94.93,95.59,94.59,95.29
2013/10/01,95.28,95.55,94.66,94.88
2013/10/02,94.82,94.9,93.95,94.15
2013/10/03,94.14,94.74,93.9,94.11
2013/10/04,94.12,94.65,93.85,94.61
2013/10/07,94.37,94.47,93.66,93.75
2013/10/08,93.75,94.29,93.36,93.38
2013/10/09,93.4,93.91,93.29,93.62
2013/10/10,93.64,94.54,93.63,94.37
2013/10/11,94.41,95.19,94.09,95.14
2013/10/14,94.91,95.23,94.75,95.2
2013/10/15,95.23,95.29,94.45,94.54
2013/10/16,94.61,95.61,94.55,95.59
2013/10/17,95.6,95.8,94.85,95.08
2013/10/18,95.06,95.29,94.83,94.93
2013/10/21,95.09,95.39,95.01,95.25
2013/10/22,95.26,95.69,94.94,95.35
2013/10/23,95.32,95.4,93.55,93.74
2013/10/24,93.68,94.09,93.25,93.33
2013/10/25,93.36,93.48,92.89,93.2
2013/10/28,93.31,93.55,93.28,93.49
2013/10/29,93.46,93.89,93.25,93.76
2013/10/30,93.77,94.09,93.7,94.01
2013/10/31,93.99,94.39,93.7,94.25
2013/11/01,94.21,94.71,93.77,94.67
2013/11/04,94.71,94.85,94.53,94.59
2013/11/05,94.59,94.63,93.93,94.18
2013/11/06,94.26,94.78,94.08,94.66
2013/11/07,94.66,95.17,93.46,93.75
2013/11/08,93.79,94.59,93.66,94.59
2013/11/11,94.53,94.74,94.38,94.64
2013/11/12,94.68,95.13,94.62,94.91
2013/11/13,94.89,95.03,94.66,94.85
2013/11/14,94.88,95.54,94.84,95.54
2013/11/15,95.54,95.96,95.46,95.95
2013/11/18,95.96,96.11,95.63,95.85
2013/11/19,95.83,95.91,95.39,95.61
2013/11/20,95.69,95.89,95.42,95.72
2013/11/21,95.63,96.44,95.61,96.12
2013/11/22,96.14,96.31,95.7,96.23
2013/11/25,96.26,96.46,95.95,96.41
2013/11/26,96.32,96.47,95.88,96.03
2013/11/27,96.05,96.65,95.93,96.39
2013/11/28,96.43,96.69,96.24,96.65
2013/11/29,96.6,96.8,96.36,96.45
2013/12/02,96.54,96.96,96.23,96.7
2013/12/03,96.71,97.04,95.77,96.23
2013/12/04,96.16,96.41,95.17,95.77
2013/12/05,95.82,95.91,95.39,95.53
2013/12/06,95.64,96.67,95.39,96.67
2013/12/09,96.67,97.14,96.55,97.14
2013/12/10,97.05,97.21,96.63,96.96
2013/12/11,96.91,97.01,96.31,96.69
2013/12/12,96.75,97.34,96.59,97.1
2013/12/13,97.12,97.55,96.8,97.4
2013/12/16,97.44,97.49,96.95,97.21
2013/12/17,97.22,97.45,96.65,96.75
2013/12/18,96.75,97.53,96.33,97.45
2013/12/19,97.43,97.74,96.81,97.7
2013/12/20,97.69,97.95,97.2,97.84
2013/12/23,97.79,98.29,97.59,98.09
2013/12/24,98.1,98.3,97.99,98.05
2013/12/25,98.05,98.37,98.02,98.18
2013/12/26,98.22,98.64,98.15,98.39
2013/12/27,98.38,98.59,98,98.16
2013/12/30,98.31,98.74,98.07,98.68
2013/12/31,98.66,99.04,98.43,98.91
2014/01/02,99.01,99.09,98.07,98.18
2014/01/03,98.19,98.59,97.7,98.52
2014/01/06,98.56,98.64,97.5,97.78
2014/01/07,97.75,97.98,96.95,97.11
2014/01/08,97.23,97.24,96.77,96.85
2014/01/09,96.9,96.94,96.3,96.62
2014/01/10,96.6,96.77,95.1,95.51
2014/01/13,95.49,95.49,94.57,94.83
2014/01/14,94.85,95.19,94.65,95.16
2014/01/15,95.16,95.64,94.95,95.57
2014/01/16,95.54,95.86,95.29,95.4
2014/01/17,95.4,95.48,94.95,95.17
2014/01/20,94.99,95.19,94.8,95.11
2014/01/21,95.11,95.55,94.77,95.07
2014/01/22,95.05,95.31,94.15,94.24
2014/01/23,94.25,94.34,92.39,93.01
2014/01/24,93.01,93.21,92,92.27
2014/01/27,92.03,93.19,92.03,92.25
2014/01/28,92.25,92.87,91.85,92.27
2014/01/29,92.52,92.77,91.29,91.51
2014/01/30,91.44,92.17,91.25,92
2014/01/31,92.02,92.17,91.05,91.64
2014/02/03,91.85,92.19,90.77,90.79
2014/02/04,90.9,91.95,90.89,91.68
2014/02/05,91.73,91.79,91.05,91.51
2014/02/06,91.61,92.34,91.1,92.2
2014/02/07,92.17,93.34,91.77,92.7
2014/02/10,92.83,92.96,92.25,92.44
2014/02/11,92.43,93.25,92.1,93.2
2014/02/12,93.15,93.38,92.86,93.16
2014/02/13,93.24,93.25,92.29,93.02
2014/02/14,93.06,93.29,92.65,92.65
2014/02/17,92.62,92.97,92.32,92.92
2014/02/18,92.94,93.69,92.86,93.45
2014/02/19,93.46,93.55,92.21,92.33
2014/02/20,92.35,92.44,91.79,92.1
2014/02/21,92.17,92.36,91.53,92.16
2014/02/24,92.31,92.69,91.85,92.6
2014/02/25,92.6,92.76,91.99,92.19
2014/02/26,92.17,92.41,91.85,91.94
2014/02/27,91.94,92.04,91.35,91.75
2014/02/28,91.78,92.41,91.25,92.04
2014/03/03,91.76,91.81,91.1,91.56
2014/03/04,91.51,92.11,91.49,92.1
2014/03/05,92.11,92.76,92.03,92.71
2014/03/06,92.71,94.05,92.69,93.78
2014/03/07,93.87,93.87,93,93.12
2014/03/10,93.02,93.15,92.55,92.99
2014/03/11,92.99,93.22,92.57,92.73
2014/03/12,92.7,92.79,91.99,92.38
2014/03/13,92.36,92.89,91.75,91.95
2014/03/14,91.95,92.01,91.16,91.31
2014/03/17,91.27,92.11,91.16,92.02
2014/03/18,92,92.19,90.91,91.05
2014/03/19,91.03,91.32,90.65,91.03
2014/03/20,91.08,91.21,90.75,91.05
2014/03/21,91.08,91.46,90.66,91.01
2014/03/24,91.11,91.34,90.96,91.32
2014/03/25,91.31,91.64,91.11,91.55
2014/03/26,91.55,91.99,91.52,91.88
2014/03/27,91.88,92.69,91.65,92.62
2014/03/28,92.62,93.09,92.5,93.01
2014/03/31,92.98,93.85,92.91,93.38
2014/04/01,93.37,93.97,93.22,93.96
2014/04/02,93.97,94.21,93.88,94.12
2014/04/03,94.08,94.42,94.06,94.13
2014/04/04,94.15,94.84,93.95,93.97
2014/04/07,94.1,94.19,93.66,93.94
2014/04/08,93.94,93.94,92.9,93.17
2014/04/09,93.19,93.8,93.11,93.71
2014/04/10,93.67,93.81,92.75,92.82
2014/04/11,92.82,93.15,92.31,92.54
2014/04/14,92.54,92.96,92.29,92.87
2014/04/15,92.92,92.94,92.35,92.82
2014/04/16,92.77,93.22,92.68,92.79
2014/04/17,92.79,93.07,92.56,92.98
2014/04/18,92.99,93.11,92.82,92.86
2014/04/21,92.92,93.21,92.86,93.13
2014/04/22,93.17,93.2,92.93,93.03
2014/04/23,93,93.08,92.5,92.92
2014/04/24,92.88,93.07,92.55,92.8
2014/04/25,92.77,92.91,92.39,92.54
2014/04/28,92.55,93.09,92.41,92.91
2014/04/29,92.91,93.76,92.88,93.74
2014/04/30,93.74,93.75,93.05,93.25
2014/05/01,93.19,93.31,92.9,93.31
2014/05/02,93.31,93.65,92.99,93.04
2014/05/05,93.07,93.25,92.7,93.2
2014/05/06,93.21,93.41,92.99,93.34
2014/05/07,93.31,93.49,93.16,93.46
2014/05/08,93.44,93.89,93.33,93.83
2014/05/09,93.84,94,93.25,93.39
2014/05/12,93.42,93.81,93.39,93.7
2014/05/13,93.71,93.87,93.55,93.74
2014/05/14,93.74,93.75,93.31,93.55
2014/05/15,93.52,93.92,93.05,93.32
2014/05/16,93.3,93.5,93.12,93.47
2014/05/19,93.4,93.5,93,93.3
2014/05/20,93.28,93.37,92.75,92.87
2014/05/21,92.88,92.91,92.48,92.84
2014/05/22,92.9,93.43,92.79,93.38
2014/05/23,93.38,93.84,93.22,93.77
2014/05/26,93.77,93.84,93.71,93.84
2014/05/27,93.82,94.01,93.8,93.88
2014/05/28,93.88,93.97,93.5,93.6
2014/05/29,93.59,93.89,93.33,93.89
2014/05/30,93.87,93.89,93.41,93.8
2014/06/02,93.86,94.01,93.6,93.9
2014/06/03,93.9,93.98,93.7,93.96
2014/06/04,93.96,93.98,93.61,93.87
2014/06/05,93.85,93.92,93.45,93.71
2014/06/06,93.73,93.81,93.43,93.77
2014/06/09,93.81,94.05,93.67,93.98
2014/06/10,94.02,94.04,93.68,93.84
2014/06/11,93.83,93.91,93.53,93.89
2014/06/12,93.81,93.99,93.6,93.67
2014/06/13,93.72,94.01,93.62,93.96
2014/06/16,93.9,93.99,93.54,93.88
2014/06/17,93.91,94.15,93.8,94.01
2014/06/18,94.03,94.11,93.66,94.02
2014/06/19,94.01,94.21,93.95,94.2
2014/06/20,94.17,94.95,94.09,94.87
2014/06/23,94.89,95.04,94.8,94.97
2014/06/24,94.98,95.11,94.83,94.87
2014/06/25,94.85,95.01,94.73,94.99
2014/06/26,94.96,95.14,94.7,95.12
2014/06/27,95.07,95.11,94.75,95.07
2014/06/30,95.07,95.11,94.75,94.94
2014/07/01,94.92,95.49,94.86,95.46
2014/07/02,95.47,95.53,95.25,95.38
2014/07/03,95.39,96.19,95.35,96.06
2014/07/04,96.11,96.11,95.75,95.78
2014/07/07,95.87,95.87,95.33,95.33
2014/07/08,95.39,95.39,95.02,95.09
2014/07/09,95.07,95.48,95.02,95.39
2014/07/10,95.36,95.38,94.67,95.13
2014/07/11,95.12,95.27,94.39,94.39
2014/07/14,94.48,94.81,94.34,94.76
2014/07/15,94.75,94.78,94.35,94.49
2014/07/16,94.5,94.79,94.23,94.61
2014/07/17,94.6,94.64,93.98,93.98
2014/07/18,93.98,94.55,93.9,94.39
2014/07/21,94.37,94.46,94.17,94.39
2014/07/22,94.4,94.54,94.35,94.44
2014/07/23,94.48,94.63,94.4,94.57
2014/07/24,94.63,94.83,94.42,94.73
2014/07/25,94.73,94.75,94.03,94.13
2014/07/28,94.13,94.31,94.06,94.29
2014/07/29,94.28,94.35,93.98,94.08
2014/07/30,94.07,94.41,93.91,94.26
2014/07/31,94.27,94.44,94.08,94.24
2014/08/01,94.24,94.29,93.8,93.88
2014/08/04,93.92,94.04,93.76,94.04
2014/08/05,93.99,94.05,93.4,93.57
2014/08/06,93.59,93.66,93.13,93.5
2014/08/07,93.5,93.79,93.33,93.43
2014/08/08,93.41,93.42,92.75,92.98
2014/08/11,93.07,93.54,92.95,93.52
2014/08/12,93.5,93.59,93.31,93.57
2014/08/13,93.57,93.84,93.52,93.81
2014/08/14,93.77,94.01,93.77,93.91
2014/08/15,93.94,94.46,93.55,93.9
2014/08/18,93.95,94.23,93.91,94.18
2014/08/19,94.17,94.18,93.95,94.03
2014/08/20,94.02,94.61,94,94.57
2014/08/21,94.54,94.86,94.46,94.86
2014/08/22,94.86,95.01,94.45,94.88
2014/08/25,94.98,95.16,94.66,94.7
2014/08/26,94.69,95.09,94.54,94.96
2014/08/27,94.95,95.9,94.95,95.59
2014/08/28,95.59,95.69,95.32,95.47
2014/08/29,95.47,96.04,95.45,95.67
2014/09/01,95.75,95.99,95.7,95.96
2014/09/02,95.93,96.24,95.88,96.13
2014/09/03,96.13,96.44,95.97,96.23
2014/09/04,96.3,96.94,96.13,96.73
2014/09/05,96.8,97.05,96,96.49
2014/09/08,96.55,96.61,96.37,96.6
2014/09/09,96.58,96.75,96.27,96.67
2014/09/10,96.69,97.65,96.64,97.65
2014/09/11,97.6,97.62,96.75,97.01
2014/09/12,96.97,97.11,96.63,96.8
2014/09/15,96.74,97.06,96.6,96.96
2014/09/16,96.95,97.65,96.75,97.6
2014/09/17,97.61,98.49,97.54,98.49
2014/09/18,98.35,99.39,98.32,99.33
2014/09/19,99.34,99.79,98.95,99.48
2014/09/22,99.44,99.6,98.55,98.55
2014/09/23,98.59,98.69,98.19,98.24
2014/09/24,98.28,98.64,97.75,98.56
2014/09/25,98.52,98.69,97.8,97.86
2014/09/26,97.82,98.25,97.65,97.91
2014/09/29,97.94,98.31,97.85,98.06
2014/09/30,98.04,98.34,97.79,97.91
2014/10/01,97.85,98.08,97.45,97.52
2014/10/02,97.53,98.06,96.77,97.16
2014/10/03,97.15,97.64,97.04,97.47
2014/10/06,97.57,97.78,97.27,97.67
2014/10/07,97.66,97.72,96.6,96.66
2014/10/08,96.81,97.45,96.57,97.28
2014/10/09,97.34,97.46,96.35,96.37
2014/10/10,96.39,96.61,95.93,96
2014/10/13,95.99,95.99,95.4,95.4
2014/10/14,95.45,95.81,94.45,94.74
2014/10/15,94.81,94.91,93.36,94.07
2014/10/16,94.14,94.58,92.91,94.42
2014/10/17,94.41,95.11,94.2,94.78
2014/10/20,94.81,95.29,94.6,94.72
2014/10/21,94.74,95.3,94.35,95.3
2014/10/22,95.3,95.84,94.81,95.35
2014/10/23,95.33,96.36,95.15,96.36
2014/10/24,96.35,96.49,96.01,96.16
2014/10/27,96.32,96.32,95.7,95.82
2014/10/28,95.82,96.81,95.79,96.81
2014/10/29,96.79,97.34,96.66,97.34
2014/10/30,97.29,97.79,97.17,97.56
2014/10/31,97.58,99.81,97.49,99.71
2014/11/03,99.96,100.94,99.68,100.39
2014/11/04,100.21,100.27,99.27,99.55
2014/11/05,99.51,100.71,99.44,100.65
2014/11/06,100.66,101.15,100.05,100.79
2014/11/07,100.79,101.42,100.33,101.07
2014/11/10,101.03,101.29,100.5,100.89
2014/11/11,100.89,102.19,100.81,102.11
2014/11/12,102.11,102.29,101.43,102
2014/11/13,102.04,102.29,101.56,101.77
2014/11/14,101.78,103.19,101.66,102.98
2014/11/17,103.27,103.64,102.39,103.08
2014/11/18,103.12,103.76,102.96,103.38
2014/11/19,103.43,104.05,103.15,103.99
2014/11/20,104.01,104.69,103.97,104.55
2014/11/21,104.57,105.29,103.86,104.8
2014/11/24,104.86,105.29,104.65,104.79
2014/11/25,104.81,104.95,104.25,104.75
2014/11/26,104.71,104.81,104.22,104.64
2014/11/27,104.6,104.6,103.7,103.84
2014/11/28,103.89,104.26,103.55,103.86
2014/12/01,103.95,104.51,103.45,104.5
2014/12/02,104.48,104.91,104.37,104.49
2014/12/03,104.52,105.47,104.45,105.35
2014/12/04,105.32,105.66,104.88,105.2
2014/12/05,105.21,106.39,105.08,106.13
2014/12/08,106.33,106.49,104.93,105.12
2014/12/09,105.04,105.25,103.45,104.56
2014/12/10,104.48,104.61,102.55,102.59
2014/12/11,102.76,103.65,102.4,102.94
2014/12/12,103.16,103.31,102.02,102.63
2014/12/15,102.36,102.79,100.89,100.93
2014/12/16,101.05,101.21,99.11,100.09
2014/12/17,100.01,102.01,99.95,101.93
2014/12/18,101.96,102.76,101.7,102.61
2014/12/19,102.6,103.18,102.35,102.92
2014/12/22,103.01,103.45,102.75,103.19
2014/12/23,103.14,103.96,103.12,103.85
2014/12/24,103.84,103.91,103.39,103.6
2014/12/25,103.51,103.57,103.27,103.43
2014/12/26,103.33,103.71,103.33,103.5
2014/12/29,103.61,103.81,103.39,103.64
2014/12/30,103.62,103.65,102.25,102.87
2014/12/31,102.86,103.61,102.78,103.27
2015/01/02,103.34,103.47,102.2,102.25
2015/01/05,102.09,102.17,101.22,101.69
2015/01/06,101.63,101.67,99.89,99.99
2015/01/07,100.08,101.15,100.05,100.87
2015/01/08,100.86,101.54,100.85,101.11
2015/01/09,101.15,101.31,99.75,99.81
2015/01/12,99.81,100.41,98.76,98.82
2015/01/13,98.8,99.39,98.15,98.61
2015/01/14,98.61,98.67,97.08,98.16
2015/01/15,98.03,98.76,97.06,97.11
2015/01/16,97.12,98.29,96.63,98.03
2015/01/19,98.01,98.55,97.62,98.42
2015/01/20,98.45,99.01,97.7,98.02
2015/01/21,98,98.06,95.05,95.57
2015/01/22,95.57,95.76,94.85,95.63
2015/01/23,95.71,96.05,94.65,94.74
2015/01/26,94.63,95.39,94.08,94.92
2015/01/27,95,95.21,94.21,95.08
2015/01/28,94.97,95.19,93.55,93.77
2015/01/29,93.62,94.28,93.3,93.69
2015/01/30,93.71,93.9,91.75,92.39
2015/02/02,92.32,93.59,92.08,93.55
2015/02/03,93.51,94.87,92.45,94.65
2015/02/04,94.65,94.99,93,93.22
2015/02/05,93.23,94.79,93.08,94.47
2015/02/06,94.48,95.49,94.03,95.07
2015/02/09,94.95,95.49,94.61,95.11
2015/02/10,95.01,95.77,94.45,94.82
2015/02/11,94.82,95.41,94.68,95.36
2015/02/12,95.39,95.67,94.35,95.13
2015/02/13,95.15,95.54,94.7,95.32
2015/02/16,95.25,95.45,94.75,94.98
2015/02/17,95,96.39,94.79,96.22
2015/02/18,96.24,96.34,95.35,95.35
2015/02/19,95.35,95.39,94.73,95.15
2015/02/20,95.2,95.49,94.17,94.96
2015/02/23,94.95,95.05,94.25,94.47
2015/02/24,94.49,95.27,94.15,95.23
2015/02/25,95.19,95.82,95.02,95.52
2015/02/26,95.51,95.81,95.12,95.38
2015/02/27,95.36,95.81,95.27,95.74
2015/03/02,95.67,95.96,95.36,95.8
2015/03/03,95.79,96.24,95.43,95.81
2015/03/04,95.82,96.45,95.28,96.33
2015/03/05,96.31,96.79,95.95,96.17
2015/03/06,96.2,96.31,95.62,95.62
2015/03/09,95.76,96.33,95.64,96.07
2015/03/10,96.14,96.45,95.41,95.46
2015/03/11,95.44,95.85,94.89,95.23
2015/03/12,95.24,95.69,95.18,95.58
2015/03/13,95.52,95.62,94.53,94.97
2015/03/16,94.85,95.21,94.61,94.94
2015/03/17,95,95.13,94.68,94.88
2015/03/18,94.89,95.99,94.35,95.54
2015/03/19,95.5,95.71,94.75,94.98
2015/03/20,95,95.84,94.96,95.59
2015/03/23,95.45,95.87,95.1,95.57
2015/03/24,95.55,95.95,95.42,95.82
2015/03/25,95.79,95.83,95.25,95.44
2015/03/26,95.44,95.75,95.05,95.49
2015/03/27,95.44,95.6,94.45,94.45
2015/03/30,94.52,94.9,94.4,94.68
2015/03/31,94.69,94.8,93.7,94.69
2015/04/01,94.65,94.99,94.29,94.84
2015/04/02,94.82,95.35,94.55,95.28
2015/04/03,95.29,95.51,94.98,95.34
2015/04/06,95.32,95.75,95.16,95.73
2015/04/07,95.69,96.45,95.67,96.14
2015/04/08,96.16,96.59,95.61,95.72
2015/04/09,95.75,95.88,95.36,95.8
2015/04/10,95.78,95.81,95,95.57
2015/04/13,95.6,95.68,94.91,95.37
2015/04/14,95.35,95.78,94.85,95.6
2015/04/15,95.57,96.94,94.9,96.88
2015/04/16,96.82,97.89,96.57,97.59
2015/04/17,97.6,98.39,96.85,97.1
2015/04/20,97.26,97.88,97.15,97.45
2015/04/21,97.47,97.71,97.2,97.42
2015/04/22,97.44,98.05,97.4,97.93
2015/04/23,97.94,98.67,97.65,98.42
2015/04/24,98.43,98.59,97.6,97.61
2015/04/27,97.6,98.66,97.55,98.44
2015/04/28,98.41,98.89,98.25,98.75
2015/04/29,98.65,99.44,98.51,99.06
2015/04/30,99.16,99.16,98.45,98.85
2015/05/01,98.89,99.15,98.4,98.64
2015/05/04,98.8,99.31,98.55,99.31
2015/05/05,99.31,99.97,98.98,99.29
2015/05/06,99.28,99.89,98.95,99.14
2015/05/07,99.2,99.26,98.21,98.73
2015/05/08,98.8,99.39,98.65,99.04
2015/05/11,99.09,99.37,98.7,99.23
2015/05/12,99.26,100.01,99.17,99.71
2015/05/13,99.77,100.04,99.36,99.6
2015/05/14,99.58,99.89,99.2,99.41
2015/05/15,99.39,99.74,99.07,99.3
2015/05/18,99.34,99.54,98.49,98.64
2015/05/19,98.72,98.87,98.31,98.64
2015/05/20,98.66,99.49,98.58,99.33
2015/05/21,99.35,99.37,98.82,99.17
2015/05/22,99.2,99.28,98.6,98.88
2015/05/25,98.85,99.01,98.6,98.68
2015/05/26,98.7,99.41,98.65,99
2015/05/27,98.99,99.48,98.9,99.28
2015/05/28,99.28,99.78,99.1,99.65
2015/05/29,99.63,99.76,98.98,99.75
2015/06/01,99.66,99.71,99.1,99.61
2015/06/02,99.63,100.19,99.45,100.01
2015/06/03,100.01,100.06,99.65,99.74
2015/06/04,99.76,99.96,99.38,99.45
2015/06/05,99.44,100.99,99.44,100.98
2015/06/08,100.92,100.98,100.25,100.29
2015/06/09,100.35,100.94,99.96,100.78
2015/06/10,100.82,100.88,99.48,100.04
2015/06/11,100.04,100.57,99.97,100.35
2015/06/12,100.38,100.61,100,100.18
2015/06/15,100.08,100.34,99.84,100.11
2015/06/16,100.12,100.39,99.85,100.36
2015/06/17,100.34,100.94,100.22,100.89
2015/06/18,100.88,101.09,100.39,100.55
2015/06/19,100.51,100.79,99.75,99.92
2015/06/22,100.05,100.79,99.93,100.19
2015/06/23,100.12,100.55,100.11,100.49
2015/06/24,100.46,100.8,99.81,99.99
2015/06/25,99.98,100.36,99.6,100.28
2015/06/26,100.26,100.57,99.76,100.53
2015/06/29,99.45,99.81,98.7,98.78
2015/06/30,98.82,98.99,97.6,97.97
2015/07/01,98.04,98.46,97.75,97.77
2015/07/02,97.79,98.14,97.5,98.06
2015/07/03,98.1,98.11,97.35,97.61
2015/07/06,97.28,97.55,96.57,96.84
2015/07/07,96.85,96.97,95.57,96.39
2015/07/08,96.3,96.34,94.55,94.69
2015/07/09,94.71,95.81,94.49,95.43
2015/07/10,95.46,96.87,95.43,96.83
2015/07/13,96.63,97.09,96.29,96.84
2015/07/14,96.86,96.96,96.35,96.89
2015/07/15,96.88,97,95.55,95.83
2015/07/16,95.77,96.01,95.65,95.71
2015/07/17,95.76,95.77,95.34,95.58
2015/07/20,95.59,95.81,95.45,95.61
2015/07/21,95.59,95.99,95.55,95.68
2015/07/22,95.64,95.7,94.95,95.1
2015/07/23,95.12,95.61,94.87,95.01
2015/07/24,95,95.21,94.46,94.91
2015/07/27,94.84,95.01,94.39,94.5
2015/07/28,94.53,95.68,94.35,95.56
2015/07/29,95.55,96.15,95.28,95.72
2015/07/30,95.7,95.91,95.31,95.44
2015/07/31,95.45,95.54,94.65,94.65
2015/08/03,94.68,94.72,94.15,94.25
2015/08/04,94.22,94.57,94.1,94.25
2015/08/05,94.26,94.99,94.11,94.72
2015/08/06,94.7,95.19,94.55,95.12
2015/08/07,95.1,95.41,94.46,94.57
2015/08/10,94.6,95.86,94.49,95.82
2015/08/11,95.79,95.99,94.96,95.36
2015/08/12,95.39,95.76,94.95,95.66
2015/08/13,95.67,95.96,94.98,95.25
2015/08/14,95.24,95.39,94.86,94.89
2015/08/17,94.89,95.2,94.61,95.04
2015/08/18,95.04,95.34,94.66,95.26
2015/08/19,95.21,95.36,94.15,94.3
2015/08/20,94.38,94.75,94,94.27
2015/08/21,94.26,94.4,92.46,92.68
2015/08/24,92.48,92.48,87.42,89.12
2015/08/25,89.25,91.34,88.79,89.09
2015/08/26,89.39,90.39,88.75,90.16
2015/08/27,90.2,91.99,90.05,91.67
2015/08/28,91.7,91.99,90.78,91.79
2015/08/31,91.85,92.39,90.85,92.23
2015/09/01,92.25,92.29,90.05,90.05
2015/09/02,90.06,91.14,89.95,90.66
2015/09/03,90.65,91.44,90.18,91.06
2015/09/04,91.05,91.13,89.5,89.66
2015/09/07,89.69,90.13,89.45,89.6
2015/09/08,89.61,90.89,89.3,90.68
2015/09/09,90.72,92.04,90.71,90.91
2015/09/10,90.85,91.83,90.35,90.98
2015/09/11,91.1,91.41,90.56,90.87
2015/09/14,90.89,91.22,90.31,90.62
2015/09/15,90.62,90.99,90.08,90.89
2015/09/16,90.85,91.69,90.65,91.5
2015/09/17,91.5,91.99,90.86,91.02
2015/09/18,91.14,91.71,90.65,90.74
2015/09/21,90.66,91.39,90.56,90.96
2015/09/22,91.01,91.05,90.12,90.51
2015/09/23,90.51,90.89,89.93,90.25
2015/09/24,90.17,90.36,89,90.2
2015/09/25,90.25,90.89,89.89,90.38
2015/09/28,90.43,90.46,89.45,89.55
2015/09/29,89.49,89.79,88.85,89.19
2015/09/30,89.21,90.07,89.16,90.05
2015/10/01,89.93,90.59,89.88,90.36
2015/10/02,90.36,91.19,89.69,91.12
2015/10/05,91.06,92.14,90.97,91.98
2015/10/06,92.02,92.31,91.59,92.21
2015/10/07,92.15,92.54,91.7,91.87
2015/10/08,91.81,92.25,91.61,92.11
2015/10/09,92.07,93.21,92.06,92.88
2015/10/12,92.85,93.14,92.17,92.33
2015/10/13,92.28,92.47,91.45,91.79
2015/10/14,91.91,92.16,91.58,91.84
2015/10/15,91.81,92.58,91.45,92.4
2015/10/16,92.47,92.66,92.05,92.52
2015/10/19,92.45,92.57,91.65,91.74
2015/10/20,91.76,92.65,91.51,92.32
2015/10/21,92.31,92.51,91.25,91.25
2015/10/22,91.25,92.17,91,92.17
2015/10/23,92.15,92.57,91.65,92.17
2015/10/26,92.07,92.19,91.69,92.02
2015/10/27,91.98,91.98,90.65,90.77
2015/10/28,90.71,92.07,90.56,91.77
2015/10/29,91.71,92.15,91.15,91.92
2015/10/30,91.96,92.45,91.38,92.25
2015/11/02,92.27,92.27,91.9,92.17
2015/11/03,92.18,92.87,91.9,92.66
2015/11/04,92.65,92.95,92.13,92.4
2015/11/05,92.36,92.71,92.15,92.42
2015/11/06,92.42,92.71,92.17,92.58
2015/11/09,92.64,93.21,92.59,92.69
2015/11/10,92.69,93,92.62,92.75
2015/11/11,92.79,92.95,92.5,92.6
2015/11/12,92.6,92.93,92.1,92.23
2015/11/13,92.26,92.37,91.89,92.01
2015/11/16,91.88,92.49,91.79,92.36
2015/11/17,92.38,92.76,92.37,92.63
2015/11/18,92.62,92.89,92.33,92.89
2015/11/19,92.86,93.04,92.27,92.47
2015/11/20,92.44,92.54,91.95,91.99
2015/11/23,92.13,92.31,91.65,91.87
2015/11/24,91.92,92.13,91.58,92.05
2015/11/25,92.09,92.34,91.85,92.29
2015/11/26,92.27,92.3,92,92.22
2015/11/27,92.23,92.26,91.79,91.85
2015/11/30,91.83,92.59,91.65,92.11
2015/12/01,92.16,92.49,91.77,91.94
2015/12/02,91.96,92.69,91.89,92.34
2015/12/03,92.31,92.76,91.6,91.77
2015/12/04,91.86,92.36,91.5,92.12
2015/12/07,92.13,92.15,91.1,91.36
2015/12/08,91.34,91.34,90.1,90.48
2015/12/09,90.46,90.57,89.07,89.42
2015/12/10,89.55,89.89,89.05,89.23
2015/12/11,89.17,89.49,87.73,87.87
2015/12/14,88.13,88.51,87.45,88.11
2015/12/15,88.12,88.89,87.89,88.58
2015/12/16,88.53,88.76,87.95,88.63
2015/12/17,88.66,88.82,87.75,87.9
2015/12/18,87.85,88.48,86.67,86.95
2015/12/21,87.06,87.24,86.35,86.79
2015/12/22,86.81,87.02,86.53,86.94
2015/12/23,86.93,87.39,86.58,87.25
2015/12/24,87.26,87.3,86.69,87.09
2015/12/25,87.06,87.07,86.8,86.94
2015/12/28,86.91,87.04,86.45,86.55
2015/12/29,86.56,87.08,86.36,87
2015/12/30,87.02,87.09,86.53,86.8
2015/12/31,86.84,86.99,86.45,86.9
2016/01/04,86.99,86.99,85.16,85.59
2016/01/05,85.57,86.08,84.8,85.04
2016/01/06,85.09,85.22,83.85,84.14
2016/01/07,84.15,84.39,82.88,83.32
2016/01/08,83.31,84.29,82.74,82.78
2016/01/11,82.45,83.87,82.24,82.81
2016/01/12,82.85,83.19,82.06,82.47
2016/01/13,82.46,83.39,81.85,82.03
2016/01/14,81.96,82.35,81.55,82.13
2016/01/15,82.25,82.44,80.12,80.49
2016/01/18,80.01,81.04,79.99,80.55
2016/01/19,80.6,81.79,80.46,80.66
2016/01/20,80.63,80.84,78.95,80.61
2016/01/21,80.59,82.65,80.09,82.46
2016/01/22,82.45,83.99,82.19,83.97
2016/01/25,83.97,84.09,82.75,82.75
2016/01/26,82.77,84.44,82.15,83.84
2016/01/27,83.84,84.76,83.4,84.2
2016/01/28,84.09,85.31,83.91,84.68
2016/01/29,84.6,86.94,84.27,86.59
2016/02/01,86.67,86.99,85.82,86.71
2016/02/02,86.72,86.76,85.35,85.35
2016/02/03,85.35,86.18,84.46,85.5
2016/02/04,85.61,86.18,84.73,84.89
2016/02/05,84.96,85.28,83.99,84.02
2016/02/08,84.11,84.7,82.55,83.15
2016/02/09,83.06,83.66,81.85,83
2016/02/10,82.96,83.19,81.2,81.36
2016/02/11,81.54,81.54,79.25,80.65
2016/02/12,80.75,81.99,80.27,81.71
2016/02/15,81.7,82.97,81.7,82.83
2016/02/16,82.78,83.49,81.68,82.28
2016/02/17,82.17,83.61,81.55,83.41
2016/02/18,83.47,83.56,82.26,82.49
2016/02/19,82.56,82.56,81.34,81.78
2016/02/22,81.66,82.76,81.5,82.36
2016/02/23,82.36,82.44,81,81.23
2016/02/24,81.22,81.9,80.35,81.83
2016/02/25,81.84,83.57,81.5,83.49
2016/02/26,83.43,84.31,83.11,84.29
2016/02/29,84.15,84.23,83.06,83.15
2016/03/01,82.95,85.23,82.78,84.99
2016/03/02,84.98,85.19,84.23,84.55
2016/03/03,84.47,85.17,84.39,84.78
2016/03/04,84.73,85.74,84.35,85.44
2016/03/07,85.25,85.64,84.82,85.38
2016/03/08,85.32,85.38,83.81,83.97
2016/03/09,83.94,85.59,83.6,85.53
2016/03/10,85.5,86.09,84.08,84.8
2016/03/11,84.87,86.19,84.51,86.05
2016/03/14,86.03,86.2,85.35,85.79
2016/03/15,85.72,85.82,84.15,84.71
2016/03/16,84.74,85.94,84.59,85.91
2016/03/17,85.96,86.21,84.97,85.83
2016/03/18,85.8,86.27,85.35,85.71
2016/03/21,85.55,85.7,85.06,85.47
2016/03/22,85.45,86.18,84.75,86.13
2016/03/23,86.08,86.27,84.99,85.07
2016/03/24,85.03,85.36,84.56,85.17
2016/03/25,85.17,85.49,85.09,85.27
